-- phpMyAdmin SQL Dump
-- version 4.6.5.2
-- https://www.phpmyadmin.net/
--
-- Host: 127.0.0.1
-- Generation Time: Jul 11, 2019 at 12:25 PM
-- Server version: 10.1.21-MariaDB
-- PHP Version: 5.6.30

SET SQL_MODE = "NO_AUTO_VALUE_ON_ZERO";
SET time_zone = "+00:00";


/*!40101 SET @OLD_CHARACTER_SET_CLIENT=@@CHARACTER_SET_CLIENT */;
/*!40101 SET @OLD_CHARACTER_SET_RESULTS=@@CHARACTER_SET_RESULTS */;
/*!40101 SET @OLD_COLLATION_CONNECTION=@@COLLATION_CONNECTION */;
/*!40101 SET NAMES utf8mb4 */;

--
-- Database: `attendance`
--

-- --------------------------------------------------------

--
-- Table structure for table `grade_level`
--

CREATE TABLE `grade_level` (
  `id` int(11) NOT NULL,
  `student_id` int(11) NOT NULL,
  `grade_level` varchar(50) NOT NULL,
  `section` varchar(100) NOT NULL,
  `school_year` varchar(50) NOT NULL,
  `schedule_timein` time NOT NULL,
  `schedule_timeout` time NOT NULL,
  `photo` text NOT NULL,
  `guardian` varchar(100) NOT NULL,
  `guardian_contact` varchar(100) NOT NULL,
  `identifierTag` longtext NOT NULL,
  `date_added` date NOT NULL,
  `status` int(11) NOT NULL DEFAULT '1'
) ENGINE=InnoDB DEFAULT CHARSET=latin1;

--
-- Dumping data for table `grade_level`
--

INSERT INTO `grade_level` (`id`, `student_id`, `grade_level`, `section`, `school_year`, `schedule_timein`, `schedule_timeout`, `photo`, `guardian`, `guardian_contact`, `identifierTag`, `date_added`, `status`) VALUES
(1, 1, '4', '4', '2019-2020', '01:00:00', '07:00:00', '', '', '', '', '2019-06-13', 0),
(2, 4, '4', '4', '2019 - 2020', '12:00:00', '06:00:00', 'team4.jpg', '', '', '', '2019-06-13', 0),
(3, 5, '4', '4', '2019-2020', '14:00:00', '20:00:00', '33.jpg', '', '', '0001677976', '2019-06-13', 0),
(4, 6, '4', '4', '2019 - 2020', '09:00:00', '15:00:00', 'myrx_social_media_specialist.png', '', '', '', '2019-06-13', 0),
(5, 1, '6', '3', '2019-2020', '12:00:00', '18:00:00', 'team31.jpg', 'Juan Dela Cruz', '09282663758', '0001692126', '2019-06-13', 0),
(6, 7, '5', '3', '2019-2020', '01:45:00', '16:00:00', 'san_mateo_barngay.jpg', 'Gigi Nisola', '09922638', '0001768030', '2019-06-16', 0),
(7, 8, '', '3', '2019-2020', '11:00:00', '18:00:00', '121.jpg', 'Alex Gonzaga', '09282719', '', '2019-06-18', 0),
(8, 8, '', '3', '2019-2020', '11:00:00', '18:00:00', '122.jpg', 'Alex Gonzaga', '0909128', '', '2019-06-18', 0),
(9, 8, '4', '3', '2019-2020', '11:00:00', '18:00:00', '123.jpg', 'Alex Gonzaga', '09927271', '', '2019-06-18', 0),
(10, 5, '4', '5', '2019 - 2020', '12:00:00', '18:00:00', 'ariel_lucero.jpg', 'Maria Lucero', '+639490409250', '0001692126', '2019-06-21', 1),
(11, 6, '4', '6', '2019 - 2020', '12:00:00', '18:00:00', 'maricar_jandayan.jpg', 'Pedro Jandayan', '+639055130156', '0001677976', '2019-06-21', 1),
(12, 2, '1', '8', '2019 - 2020', '03:00:00', '12:00:00', 'juan.jpg', 'Pedro Penduko', '+639055130156', '0001768030', '2019-06-21', 1);

-- --------------------------------------------------------

--
-- Table structure for table `settings_gradelevel`
--

CREATE TABLE `settings_gradelevel` (
  `id` int(11) NOT NULL,
  `grade_level` varchar(50) NOT NULL,
  `status` int(11) NOT NULL DEFAULT '1'
) ENGINE=InnoDB DEFAULT CHARSET=latin1;

--
-- Dumping data for table `settings_gradelevel`
--

INSERT INTO `settings_gradelevel` (`id`, `grade_level`, `status`) VALUES
(1, 'Grade 2', 1),
(2, 'Grade 6', 1),
(3, 'Grade 4', 0),
(4, 'Grade 1', 1),
(5, 'Grade 3', 1),
(6, 'Grade 4', 1),
(7, 'Grade 5', 1);

-- --------------------------------------------------------

--
-- Table structure for table `settings_section`
--

CREATE TABLE `settings_section` (
  `id` int(11) NOT NULL,
  `settings_grade_level_id` int(11) NOT NULL,
  `section` varchar(100) NOT NULL,
  `status` int(11) NOT NULL DEFAULT '1'
) ENGINE=InnoDB DEFAULT CHARSET=latin1;

--
-- Dumping data for table `settings_section`
--

INSERT INTO `settings_section` (`id`, `settings_grade_level_id`, `section`, `status`) VALUES
(3, 4, 'del pilar123', 0),
(4, 1, 'rizal', 0),
(5, 4, 'Sampaguita', 1),
(6, 4, 'Lily', 1),
(7, 1, 'Rizal', 1),
(8, 1, 'Bonifacio', 1);

-- --------------------------------------------------------

--
-- Table structure for table `students`
--

CREATE TABLE `students` (
  `id` int(11) NOT NULL,
  `last_name` varchar(100) NOT NULL,
  `first_name` varchar(100) NOT NULL,
  `middle_name` varchar(100) NOT NULL,
  `status` int(11) NOT NULL DEFAULT '1'
) ENGINE=InnoDB DEFAULT CHARSET=latin1;

--
-- Dumping data for table `students`
--

INSERT INTO `students` (`id`, `last_name`, `first_name`, `middle_name`, `status`) VALUES
(1, 'Osit', 'Ricardo', 'Andayan', 1),
(2, 'Dela Cruz', 'Juan', 'Pedro', 1),
(3, '0', 'Ricardoz', 'Andayan', 0),
(4, 'Lebrado', 'Lovelyn Grace', 'Sotillo', 1),
(5, 'Lucero', 'Ariel', 'Andayan', 1),
(6, 'Andayan', 'Maricar', 'Lucero', 1),
(7, 'Nisola', 'Khendrick', 'G', 1),
(8, 'Gonzaga', 'Toni', 'S', 1);

-- --------------------------------------------------------

--
-- Table structure for table `timelog`
--

CREATE TABLE `timelog` (
  `id` int(11) NOT NULL,
  `grade_level_id` varchar(30) NOT NULL,
  `type` varchar(30) NOT NULL,
  `timeTap` time NOT NULL,
  `dateTap` date NOT NULL
) ENGINE=InnoDB DEFAULT CHARSET=latin1;

--
-- Dumping data for table `timelog`
--

INSERT INTO `timelog` (`id`, `grade_level_id`, `type`, `timeTap`, `dateTap`) VALUES
(5, '5', 'in', '02:55:00', '2019-06-15'),
(6, '5', 'out', '02:55:00', '2019-06-15'),
(7, '5', 'in', '02:57:00', '2019-06-15'),
(8, '5', 'out', '03:01:00', '2019-06-15'),
(9, '5', 'in', '03:32:00', '2019-06-15'),
(10, '5', 'out', '04:00:00', '2019-06-15'),
(11, '5', 'in', '05:05:00', '2019-06-15'),
(12, '5', 'out', '05:06:00', '2019-06-15'),
(13, '5', 'in', '05:08:00', '2019-06-15'),
(14, '5', 'out', '05:10:00', '2019-06-15'),
(15, '5', 'in', '05:13:00', '2019-06-15'),
(16, '5', 'out', '05:14:00', '2019-06-15'),
(17, '5', 'in', '16:58:00', '2019-06-16'),
(18, '5', 'out', '16:59:00', '2019-06-16'),
(19, '5', 'in', '17:00:00', '2019-06-16'),
(20, '5', 'out', '17:04:00', '2019-06-16'),
(21, '2', 'in', '17:09:00', '2019-06-16'),
(22, '5', 'in', '17:09:00', '2019-06-16'),
(23, '2', 'out', '17:10:00', '2019-06-16'),
(24, '5', 'out', '17:11:00', '2019-06-16'),
(25, '5', 'in', '17:13:00', '2019-06-16'),
(26, '5', 'out', '17:14:00', '2019-06-16'),
(27, '5', 'in', '17:15:00', '2019-06-16'),
(28, '5', 'out', '17:16:00', '2019-06-16'),
(29, '5', 'in', '17:17:00', '2019-06-16'),
(30, '5', 'out', '17:18:00', '2019-06-16'),
(31, '5', 'in', '17:18:00', '2019-06-16'),
(32, '5', 'out', '17:18:00', '2019-06-16'),
(33, '5', 'in', '17:18:00', '2019-06-16'),
(34, '5', 'out', '17:19:00', '2019-06-16'),
(35, '5', 'in', '17:19:00', '2019-06-16'),
(36, '5', 'out', '17:19:00', '2019-06-16'),
(37, '5', 'in', '17:19:00', '2019-06-16'),
(38, '3', 'in', '17:59:00', '2019-06-16'),
(39, '3', 'out', '18:00:00', '2019-06-16'),
(40, '5', 'out', '18:00:00', '2019-06-16'),
(41, '3', 'in', '18:00:00', '2019-06-16'),
(42, '3', 'out', '18:00:00', '2019-06-16'),
(43, '5', 'in', '18:00:00', '2019-06-16'),
(44, '5', 'out', '18:11:00', '2019-06-16'),
(45, '3', 'in', '18:11:00', '2019-06-16'),
(46, '5', 'in', '18:11:00', '2019-06-16'),
(47, '3', 'out', '18:11:00', '2019-06-16'),
(48, '5', 'out', '18:11:00', '2019-06-16'),
(49, '3', 'in', '19:37:00', '2019-06-16'),
(50, '5', 'in', '19:37:00', '2019-06-16'),
(51, '5', 'out', '23:33:00', '2019-06-16'),
(52, '3', 'out', '23:34:00', '2019-06-16'),
(53, '6', 'in', '23:41:00', '2019-06-16'),
(54, '6', 'out', '23:42:00', '2019-06-16'),
(55, '3', 'in', '23:42:00', '2019-06-16'),
(56, '5', 'in', '23:42:00', '2019-06-16'),
(57, '3', 'out', '23:51:00', '2019-06-16'),
(58, '5', 'out', '23:51:00', '2019-06-16'),
(59, '5', 'in', '00:16:00', '2019-06-17'),
(60, '5', 'out', '00:21:00', '2019-06-17'),
(61, '3', 'in', '00:26:00', '2019-06-17'),
(62, '3', 'out', '00:27:00', '2019-06-17'),
(63, '5', 'in', '00:29:00', '2019-06-17'),
(64, '5', 'out', '00:44:00', '2019-06-17'),
(65, '6', 'in', '00:44:00', '2019-06-17'),
(66, '5', 'in', '22:27:00', '2019-06-17'),
(67, '3', 'in', '22:30:00', '2019-06-17'),
(68, '6', 'out', '22:33:00', '2019-06-17'),
(69, '5', 'out', '22:34:00', '2019-06-17'),
(70, '6', 'in', '22:34:00', '2019-06-17'),
(71, '5', 'in', '22:34:00', '2019-06-17'),
(72, '3', 'out', '22:34:00', '2019-06-17'),
(73, '6', 'out', '22:34:00', '2019-06-17'),
(74, '3', 'in', '22:34:00', '2019-06-17'),
(75, '5', 'out', '22:36:00', '2019-06-17'),
(76, '3', 'out', '22:37:00', '2019-06-17'),
(77, '3', 'in', '22:38:00', '2019-06-17'),
(78, '5', 'in', '22:38:00', '2019-06-17'),
(79, '5', 'out', '22:38:00', '2019-06-17'),
(80, '3', 'out', '22:38:00', '2019-06-17'),
(81, '6', 'in', '22:39:00', '2019-06-17'),
(82, '3', 'in', '22:39:00', '2019-06-17'),
(83, '6', 'out', '22:44:00', '2019-06-17'),
(84, '5', 'in', '22:44:00', '2019-06-17'),
(85, '3', 'out', '22:44:00', '2019-06-17'),
(86, '5', 'out', '22:44:00', '2019-06-17'),
(87, '6', 'in', '22:45:00', '2019-06-17'),
(88, '5', 'in', '22:45:00', '2019-06-17'),
(89, '3', 'in', '22:45:00', '2019-06-17'),
(90, '5', 'out', '22:45:00', '2019-06-17'),
(91, '5', 'in', '22:49:00', '2019-06-17'),
(92, '6', 'out', '22:49:00', '2019-06-17'),
(93, '5', 'out', '22:49:00', '2019-06-17'),
(94, '3', 'out', '22:49:00', '2019-06-17'),
(95, '6', 'in', '22:49:00', '2019-06-17'),
(96, '5', 'in', '22:49:00', '2019-06-17'),
(97, '2', 'in', '22:49:00', '2019-06-17'),
(98, '6', 'out', '22:49:00', '2019-06-17'),
(99, '5', 'out', '22:49:00', '2019-06-17'),
(100, '5', 'in', '22:50:00', '2019-06-17'),
(101, '3', 'in', '22:50:00', '2019-06-17'),
(102, '5', 'out', '22:50:00', '2019-06-17'),
(103, '5', 'in', '22:53:00', '2019-06-17'),
(104, '5', 'out', '22:53:00', '2019-06-17'),
(105, '3', 'out', '22:53:00', '2019-06-17'),
(106, '6', 'in', '22:53:00', '2019-06-17'),
(107, '6', 'out', '22:55:00', '2019-06-17'),
(108, '3', 'in', '23:01:00', '2019-06-17'),
(109, '6', 'in', '23:01:00', '2019-06-17'),
(110, '5', 'in', '23:01:00', '2019-06-17'),
(111, '3', 'out', '23:01:00', '2019-06-17'),
(112, '5', 'out', '23:01:00', '2019-06-17'),
(113, '3', 'in', '23:02:00', '2019-06-17'),
(114, '6', 'out', '23:02:00', '2019-06-17'),
(115, '3', 'out', '23:02:00', '2019-06-17'),
(116, '6', 'in', '23:02:00', '2019-06-17'),
(117, '6', 'out', '23:13:00', '2019-06-17'),
(118, '6', 'in', '23:14:00', '2019-06-17'),
(119, '3', 'in', '23:14:00', '2019-06-17'),
(120, '6', 'out', '23:14:00', '2019-06-17'),
(121, '6', 'in', '23:14:00', '2019-06-17'),
(122, '3', 'out', '23:14:00', '2019-06-17'),
(123, '5', 'in', '23:14:00', '2019-06-17'),
(124, '3', 'in', '23:14:00', '2019-06-17'),
(125, '6', 'out', '23:14:00', '2019-06-17'),
(126, '5', 'out', '23:14:00', '2019-06-17'),
(127, '6', 'in', '23:14:00', '2019-06-17'),
(128, '6', 'out', '23:14:00', '2019-06-17'),
(129, '6', 'in', '23:14:00', '2019-06-17'),
(130, '6', 'out', '23:15:00', '2019-06-17'),
(131, '6', 'in', '23:24:00', '2019-06-17'),
(132, '5', 'in', '23:24:00', '2019-06-17'),
(133, '3', 'out', '23:24:00', '2019-06-17'),
(134, '6', 'out', '23:24:00', '2019-06-17'),
(135, '6', 'in', '23:24:00', '2019-06-17'),
(136, '3', 'in', '23:24:00', '2019-06-17'),
(137, '3', 'out', '23:24:00', '2019-06-17'),
(138, '6', 'out', '23:24:00', '2019-06-17'),
(139, '3', 'in', '23:24:00', '2019-06-17'),
(140, '6', 'in', '23:24:00', '2019-06-17'),
(141, '6', 'out', '23:24:00', '2019-06-17'),
(142, '5', 'out', '23:24:00', '2019-06-17'),
(143, '5', 'in', '23:24:00', '2019-06-17'),
(144, '3', 'out', '23:25:00', '2019-06-17'),
(145, '6', 'in', '23:25:00', '2019-06-17'),
(146, '5', 'out', '23:25:00', '2019-06-17'),
(147, '6', 'out', '23:25:00', '2019-06-17'),
(148, '5', 'in', '23:25:00', '2019-06-17'),
(149, '6', 'in', '23:25:00', '2019-06-17'),
(150, '5', 'out', '23:25:00', '2019-06-17'),
(151, '3', 'in', '23:26:00', '2019-06-17'),
(152, '5', 'in', '23:26:00', '2019-06-17'),
(153, '3', 'out', '23:26:00', '2019-06-17'),
(154, '3', 'in', '23:26:00', '2019-06-17'),
(155, '3', 'out', '23:27:00', '2019-06-17'),
(156, '5', 'out', '23:27:00', '2019-06-17'),
(157, '6', 'out', '23:27:00', '2019-06-17'),
(158, '5', 'in', '23:29:00', '2019-06-17'),
(159, '3', 'in', '23:29:00', '2019-06-17'),
(160, '6', 'in', '23:29:00', '2019-06-17'),
(161, '5', 'out', '23:30:00', '2019-06-17'),
(162, '6', 'out', '23:30:00', '2019-06-17'),
(163, '3', 'out', '23:30:00', '2019-06-17'),
(164, '5', 'in', '23:30:00', '2019-06-17'),
(165, '3', 'in', '23:30:00', '2019-06-17'),
(166, '6', 'in', '23:30:00', '2019-06-17'),
(167, '5', 'out', '23:30:00', '2019-06-17'),
(168, '6', 'out', '23:30:00', '2019-06-17'),
(169, '6', 'in', '23:30:00', '2019-06-17'),
(170, '5', 'in', '23:31:00', '2019-06-17'),
(171, '3', 'out', '23:31:00', '2019-06-17'),
(172, '6', 'out', '23:31:00', '2019-06-17'),
(173, '5', 'out', '23:31:00', '2019-06-17'),
(174, '6', 'in', '23:31:00', '2019-06-17'),
(175, '5', 'in', '23:31:00', '2019-06-17'),
(176, '3', 'in', '23:31:00', '2019-06-17'),
(177, '3', 'out', '23:31:00', '2019-06-17'),
(178, '5', 'out', '23:31:00', '2019-06-17'),
(179, '3', 'in', '23:31:00', '2019-06-17'),
(180, '3', 'out', '23:32:00', '2019-06-17'),
(181, '6', 'out', '23:32:00', '2019-06-17'),
(182, '6', 'in', '23:32:00', '2019-06-17'),
(183, '6', 'out', '23:32:00', '2019-06-17'),
(184, '5', 'in', '23:32:00', '2019-06-17'),
(185, '5', 'out', '23:33:00', '2019-06-17'),
(186, '3', 'in', '23:33:00', '2019-06-17'),
(187, '6', 'in', '23:33:00', '2019-06-17'),
(188, '3', 'in', '12:36:00', '2019-06-18'),
(189, '5', 'in', '12:37:00', '2019-06-18'),
(190, '6', 'in', '12:37:00', '2019-06-18'),
(191, '6', 'out', '12:37:00', '2019-06-18'),
(192, '3', 'out', '12:38:00', '2019-06-18'),
(193, '5', 'out', '12:38:00', '2019-06-18'),
(194, '3', 'in', '12:38:00', '2019-06-18'),
(195, '2', 'in', '12:38:00', '2019-06-18'),
(196, '6', 'in', '12:38:00', '2019-06-18'),
(197, '5', 'in', '12:38:00', '2019-06-18'),
(198, '3', 'out', '12:39:00', '2019-06-18'),
(199, '5', 'out', '12:39:00', '2019-06-18'),
(200, '3', 'in', '12:39:00', '2019-06-18'),
(201, '3', 'out', '12:40:00', '2019-06-18'),
(202, '5', 'in', '12:40:00', '2019-06-18'),
(203, '5', 'out', '12:40:00', '2019-06-18'),
(204, '6', 'out', '12:40:00', '2019-06-18'),
(205, '6', 'in', '12:40:00', '2019-06-18'),
(206, '6', 'out', '12:40:00', '2019-06-18'),
(207, '5', 'in', '00:42:00', '2019-06-18'),
(208, '6', 'in', '00:43:00', '2019-06-18'),
(209, '3', 'in', '00:43:00', '2019-06-18'),
(210, '3', 'out', '00:43:00', '2019-06-18'),
(211, '5', 'out', '05:02:00', '2019-06-18'),
(212, '6', 'out', '05:02:00', '2019-06-18'),
(213, '3', 'in', '05:03:00', '2019-06-18'),
(214, '6', 'in', '05:03:00', '2019-06-18'),
(215, '3', 'out', '05:03:00', '2019-06-18'),
(216, '3', 'in', '05:03:00', '2019-06-18'),
(217, '3', 'out', '05:09:00', '2019-06-18'),
(218, '6', 'out', '05:09:00', '2019-06-18'),
(219, '6', 'in', '05:49:00', '2019-06-18'),
(220, '5', 'in', '05:49:00', '2019-06-18'),
(221, '3', 'in', '06:06:00', '2019-06-18'),
(226, '5', 'in', '01:49:00', '2019-06-19'),
(227, '6', 'in', '01:50:00', '2019-06-19'),
(228, '3', 'in', '01:50:00', '2019-06-19'),
(229, '6', 'out', '01:58:00', '2019-06-19'),
(230, '3', 'out', '04:39:00', '2019-06-19'),
(231, '5', 'out', '04:47:00', '2019-06-19'),
(232, '6', 'in', '04:47:00', '2019-06-19'),
(233, '3', 'in', '19:26:00', '2019-06-20'),
(234, '6', 'in', '19:26:00', '2019-06-20'),
(235, '6', 'in', '01:00:00', '2019-06-21'),
(236, '3', 'in', '01:00:00', '2019-06-21'),
(237, '5', 'in', '01:00:00', '2019-06-21'),
(238, '6', 'out', '01:42:00', '2019-06-21'),
(239, '10', 'in', '02:27:00', '2019-06-21'),
(240, '10', 'out', '02:34:00', '2019-06-21'),
(241, '11', 'in', '02:50:00', '2019-06-21'),
(242, '11', 'out', '03:09:00', '2019-06-21'),
(243, '11', 'in', '03:10:00', '2019-06-21'),
(244, '11', 'out', '03:10:00', '2019-06-21'),
(245, '12', 'in', '03:27:00', '2019-06-21'),
(246, '11', 'in', '05:04:00', '2019-06-21'),
(247, '12', 'in', '21:55:00', '2019-07-05'),
(248, '12', 'out', '21:55:00', '2019-07-05'),
(249, '12', 'in', '21:57:00', '2019-07-05'),
(250, '11', 'in', '22:01:00', '2019-07-05'),
(251, '11', 'out', '22:05:00', '2019-07-05'),
(252, '11', 'in', '22:09:00', '2019-07-05'),
(253, '11', 'out', '22:12:00', '2019-07-05'),
(254, '12', 'out', '22:13:00', '2019-07-05'),
(255, '11', 'in', '22:13:00', '2019-07-05'),
(256, '11', 'out', '22:14:00', '2019-07-05'),
(257, '11', 'in', '22:17:00', '2019-07-05'),
(258, '12', 'in', '22:19:00', '2019-07-05'),
(259, '10', 'in', '22:20:00', '2019-07-05'),
(260, '11', 'out', '22:21:00', '2019-07-05'),
(261, '10', 'out', '22:23:00', '2019-07-05'),
(262, '11', 'in', '22:24:00', '2019-07-05'),
(263, '10', 'in', '22:24:00', '2019-07-05'),
(264, '11', 'out', '23:09:00', '2019-07-05'),
(265, '10', 'out', '23:23:00', '2019-07-05'),
(266, '11', 'in', '23:24:00', '2019-07-05'),
(267, '12', 'out', '23:24:00', '2019-07-05'),
(268, '10', 'in', '23:43:00', '2019-07-05'),
(269, '10', 'in', '01:10:00', '2019-07-06'),
(270, '10', 'out', '01:11:00', '2019-07-06'),
(271, '11', 'in', '01:13:00', '2019-07-06'),
(272, '11', 'out', '01:18:00', '2019-07-06'),
(273, '12', 'in', '01:20:00', '2019-07-06'),
(274, '10', 'in', '01:30:00', '2019-07-06'),
(275, '11', 'in', '01:34:00', '2019-07-06'),
(276, '12', 'out', '01:36:00', '2019-07-06'),
(277, '11', 'out', '01:45:00', '2019-07-06'),
(278, '10', 'out', '12:25:00', '2019-07-06'),
(279, '11', 'in', '12:25:00', '2019-07-06'),
(280, '12', 'in', '12:26:00', '2019-07-06'),
(281, '11', 'out', '12:27:00', '2019-07-06'),
(282, '11', 'in', '12:30:00', '2019-07-06'),
(283, '11', 'out', '12:31:00', '2019-07-06'),
(284, '10', 'in', '12:33:00', '2019-07-06'),
(285, '11', 'in', '12:36:00', '2019-07-06'),
(286, '11', 'out', '12:37:00', '2019-07-06'),
(287, '10', 'out', '12:39:00', '2019-07-06'),
(288, '12', 'out', '12:41:00', '2019-07-06'),
(289, '12', 'in', '12:49:00', '2019-07-06'),
(290, '11', 'in', '15:52:00', '2019-07-06'),
(291, '11', 'out', '15:53:00', '2019-07-06'),
(292, '11', 'in', '16:11:00', '2019-07-06'),
(293, '12', 'out', '16:12:00', '2019-07-06'),
(294, '12', 'in', '18:54:00', '2019-07-06'),
(295, '11', 'out', '18:54:00', '2019-07-06'),
(296, '12', 'out', '18:55:00', '2019-07-06'),
(297, '12', 'in', '18:56:00', '2019-07-06'),
(298, '12', 'out', '18:57:00', '2019-07-06'),
(299, '12', 'in', '18:58:00', '2019-07-06'),
(300, '12', 'out', '21:09:00', '2019-07-06'),
(301, '12', 'in', '21:17:00', '2019-07-06'),
(302, '11', 'in', '21:19:00', '2019-07-06'),
(303, '12', 'out', '21:19:00', '2019-07-06'),
(304, '11', 'out', '22:53:00', '2019-07-06'),
(305, '12', 'in', '22:54:00', '2019-07-06'),
(306, '11', 'in', '22:55:00', '2019-07-06'),
(307, '11', 'in', '00:44:00', '2019-07-07'),
(308, '11', 'out', '00:55:00', '2019-07-07'),
(309, '11', 'in', '00:59:00', '2019-07-07'),
(310, '12', 'in', '01:00:00', '2019-07-07'),
(311, '11', 'out', '01:01:00', '2019-07-07'),
(312, '12', 'out', '01:02:00', '2019-07-07'),
(313, '11', 'in', '01:05:00', '2019-07-07'),
(314, '12', 'in', '01:06:00', '2019-07-07'),
(315, '11', 'out', '01:06:00', '2019-07-07'),
(316, '11', 'in', '01:08:00', '2019-07-07'),
(317, '12', 'out', '02:02:00', '2019-07-07'),
(318, '11', 'out', '02:03:00', '2019-07-07'),
(319, '11', 'in', '02:04:00', '2019-07-07'),
(320, '12', 'in', '02:23:00', '2019-07-07'),
(321, '11', 'out', '02:25:00', '2019-07-07'),
(322, '12', 'out', '02:25:00', '2019-07-07'),
(323, '11', 'in', '02:27:00', '2019-07-07'),
(324, '12', 'in', '02:27:00', '2019-07-07'),
(325, '12', 'out', '02:29:00', '2019-07-07'),
(326, '11', 'out', '02:33:00', '2019-07-07'),
(327, '12', 'in', '02:34:00', '2019-07-07'),
(328, '11', 'in', '02:35:00', '2019-07-07'),
(329, '11', 'out', '02:35:00', '2019-07-07'),
(330, '12', 'out', '02:36:00', '2019-07-07'),
(331, '12', 'in', '02:37:00', '2019-07-07'),
(332, '12', 'out', '02:49:00', '2019-07-07'),
(333, '11', 'in', '13:26:00', '2019-07-07'),
(334, '12', 'in', '13:27:00', '2019-07-07'),
(335, '11', 'out', '13:28:00', '2019-07-07'),
(336, '12', 'out', '13:28:00', '2019-07-07'),
(337, '11', 'in', '13:29:00', '2019-07-07'),
(338, '12', 'in', '13:30:00', '2019-07-07'),
(339, '12', 'out', '13:30:00', '2019-07-07'),
(340, '12', 'in', '13:31:00', '2019-07-07'),
(341, '12', 'out', '13:32:00', '2019-07-07'),
(342, '11', 'out', '13:32:00', '2019-07-07'),
(343, '12', 'in', '13:33:00', '2019-07-07'),
(344, '11', 'in', '13:34:00', '2019-07-07'),
(345, '12', 'out', '13:34:00', '2019-07-07'),
(346, '11', 'out', '13:35:00', '2019-07-07'),
(347, '12', 'in', '13:37:00', '2019-07-07'),
(348, '12', 'out', '13:38:00', '2019-07-07'),
(349, '11', 'in', '13:39:00', '2019-07-07'),
(350, '12', 'in', '13:39:00', '2019-07-07'),
(351, '11', 'out', '13:41:00', '2019-07-07'),
(352, '12', 'out', '13:42:00', '2019-07-07'),
(353, '12', 'in', '14:05:00', '2019-07-07'),
(354, '11', 'in', '14:24:00', '2019-07-07'),
(355, '12', 'out', '14:24:00', '2019-07-07'),
(356, '12', 'in', '14:27:00', '2019-07-07'),
(357, '11', 'out', '14:28:00', '2019-07-07'),
(358, '12', 'out', '14:35:00', '2019-07-07'),
(359, '11', 'in', '14:37:00', '2019-07-07'),
(360, '12', 'in', '14:41:00', '2019-07-07'),
(361, '11', 'out', '14:47:00', '2019-07-07'),
(362, '11', 'in', '14:49:00', '2019-07-07'),
(363, '12', 'out', '14:49:00', '2019-07-07'),
(364, '11', 'out', '15:04:00', '2019-07-07'),
(365, '12', 'in', '15:14:00', '2019-07-07'),
(366, '12', 'out', '15:28:00', '2019-07-07'),
(367, '12', 'in', '15:28:00', '2019-07-07'),
(368, '11', 'in', '15:29:00', '2019-07-07'),
(369, '11', 'out', '15:30:00', '2019-07-07'),
(370, '11', 'in', '15:30:00', '2019-07-07'),
(371, '11', 'out', '17:59:00', '2019-07-07'),
(372, '11', 'in', '18:00:00', '2019-07-07'),
(373, '11', 'out', '18:33:00', '2019-07-07'),
(374, '12', 'out', '18:33:00', '2019-07-07'),
(375, '11', 'in', '18:35:00', '2019-07-07'),
(376, '12', 'in', '18:37:00', '2019-07-07'),
(377, '11', 'out', '18:41:00', '2019-07-07'),
(378, '12', 'out', '18:42:00', '2019-07-07'),
(379, '11', 'in', '18:42:00', '2019-07-07'),
(380, '11', 'out', '18:43:00', '2019-07-07'),
(381, '12', 'in', '18:44:00', '2019-07-07'),
(382, '11', 'in', '18:46:00', '2019-07-07'),
(383, '11', 'out', '18:47:00', '2019-07-07'),
(384, '12', 'out', '18:48:00', '2019-07-07'),
(385, '12', 'in', '19:07:00', '2019-07-07'),
(386, '11', 'in', '19:11:00', '2019-07-07'),
(387, '12', 'out', '19:11:00', '2019-07-07'),
(388, '11', 'out', '21:26:00', '2019-07-07'),
(389, '11', 'in', '21:26:00', '2019-07-07'),
(390, '11', 'out', '21:33:00', '2019-07-07'),
(391, '12', 'in', '21:34:00', '2019-07-07'),
(392, '11', 'in', '23:30:00', '2019-07-07'),
(393, '12', 'out', '23:30:00', '2019-07-07'),
(394, '12', 'in', '23:32:00', '2019-07-07'),
(395, '12', 'out', '23:32:00', '2019-07-07'),
(396, '11', 'out', '23:32:00', '2019-07-07'),
(397, '11', 'in', '00:18:00', '2019-07-08'),
(398, '11', 'out', '00:19:00', '2019-07-08'),
(399, '11', 'in', '00:19:00', '2019-07-08'),
(400, '11', 'out', '00:38:00', '2019-07-08'),
(401, '12', 'in', '00:40:00', '2019-07-08'),
(402, '11', 'in', '00:41:00', '2019-07-08'),
(403, '12', 'out', '13:27:00', '2019-07-08'),
(404, '11', 'out', '13:28:00', '2019-07-08'),
(405, '12', 'in', '13:28:00', '2019-07-08'),
(406, '11', 'in', '13:31:00', '2019-07-08'),
(407, '12', 'out', '13:31:00', '2019-07-08'),
(408, '11', 'out', '13:32:00', '2019-07-08'),
(409, '11', 'in', '13:39:00', '2019-07-08'),
(410, '12', 'in', '13:44:00', '2019-07-08'),
(411, '11', 'out', '13:44:00', '2019-07-08'),
(412, '12', 'out', '13:50:00', '2019-07-08'),
(413, '11', 'in', '13:56:00', '2019-07-08'),
(414, '12', 'in', '14:12:00', '2019-07-08'),
(415, '11', 'out', '14:13:00', '2019-07-08'),
(416, '12', 'out', '14:13:00', '2019-07-08'),
(417, '12', 'in', '14:14:00', '2019-07-08'),
(418, '12', 'out', '14:15:00', '2019-07-08'),
(419, '12', 'in', '14:17:00', '2019-07-08'),
(420, '12', 'out', '14:18:00', '2019-07-08'),
(421, '11', 'in', '14:18:00', '2019-07-08'),
(422, '12', 'in', '14:19:00', '2019-07-08'),
(423, '12', 'out', '14:25:00', '2019-07-08'),
(424, '11', 'out', '14:32:00', '2019-07-08'),
(425, '12', 'in', '14:49:00', '2019-07-08'),
(426, '11', 'in', '14:58:00', '2019-07-08'),
(427, '12', 'out', '14:58:00', '2019-07-08'),
(428, '11', 'out', '21:14:00', '2019-07-08'),
(429, '12', 'in', '21:14:00', '2019-07-08'),
(430, '11', 'in', '21:15:00', '2019-07-08'),
(431, '12', 'out', '21:15:00', '2019-07-08'),
(432, '11', 'out', '21:16:00', '2019-07-08'),
(433, '12', 'in', '17:43:00', '2019-07-10'),
(434, '11', 'in', '17:43:00', '2019-07-10'),
(435, '12', 'out', '17:53:00', '2019-07-10'),
(436, '12', 'in', '18:00:00', '2019-07-10'),
(437, '11', 'out', '18:17:00', '2019-07-10'),
(438, '12', 'out', '18:20:00', '2019-07-10'),
(439, '12', 'in', '19:30:00', '2019-07-10'),
(440, '11', 'in', '20:23:00', '2019-07-10'),
(441, '12', 'out', '20:51:00', '2019-07-10');

-- --------------------------------------------------------

--
-- Table structure for table `users`
--

CREATE TABLE `users` (
  `id` int(11) NOT NULL,
  `username` varchar(100) NOT NULL,
  `password` text NOT NULL,
  `added` varchar(100) NOT NULL
) ENGINE=InnoDB DEFAULT CHARSET=latin1;

--
-- Dumping data for table `users`
--

INSERT INTO `users` (`id`, `username`, `password`, `added`) VALUES
(1, 'ricky', '$2y$12$KWEkh2xlYFDUdMnjPuZ4sOs8E.7vlcs4qaw98Q5C54QQRyuLKj7lS', '2019-05-15 17:02:22'),
(2, 'xricky', '$2y$12$rv2ngFXkepk/APygkB2rauJV5Wvre2ev5TeVsAfrT/iuATj2x2L6G', '2019-05-15 17:03:50'),
(3, 'ricky12', '$2y$12$bI/mHPo.a86/JbnHtN9VN.7DkYW2MdQqczm3LmhnbbU47SCnhGBTC', '2019-05-15 17:04:23'),
(4, 'root', '$2y$12$fKyhopqyRhMVmlcWySrQHuUyyOAV8qkal1VPPdgNPusAKQO4Euvye', '2019-07-07 14:09:35');

--
-- Indexes for dumped tables
--

--
-- Indexes for table `grade_level`
--
ALTER TABLE `grade_level`
  ADD PRIMARY KEY (`id`);

--
-- Indexes for table `settings_gradelevel`
--
ALTER TABLE `settings_gradelevel`
  ADD PRIMARY KEY (`id`);

--
-- Indexes for table `settings_section`
--
ALTER TABLE `settings_section`
  ADD PRIMARY KEY (`id`);

--
-- Indexes for table `students`
--
ALTER TABLE `students`
  ADD PRIMARY KEY (`id`);

--
-- Indexes for table `timelog`
--
ALTER TABLE `timelog`
  ADD PRIMARY KEY (`id`);

--
-- Indexes for table `users`
--
ALTER TABLE `users`
  ADD PRIMARY KEY (`id`);

--
-- AUTO_INCREMENT for dumped tables
--

--
-- AUTO_INCREMENT for table `grade_level`
--
ALTER TABLE `grade_level`
  MODIFY `id` int(11) NOT NULL AUTO_INCREMENT, AUTO_INCREMENT=13;
--
-- AUTO_INCREMENT for table `settings_gradelevel`
--
ALTER TABLE `settings_gradelevel`
  MODIFY `id` int(11) NOT NULL AUTO_INCREMENT, AUTO_INCREMENT=8;
--
-- AUTO_INCREMENT for table `settings_section`
--
ALTER TABLE `settings_section`
  MODIFY `id` int(11) NOT NULL AUTO_INCREMENT, AUTO_INCREMENT=9;
--
-- AUTO_INCREMENT for table `students`
--
ALTER TABLE `students`
  MODIFY `id` int(11) NOT NULL AUTO_INCREMENT, AUTO_INCREMENT=9;
--
-- AUTO_INCREMENT for table `timelog`
--
ALTER TABLE `timelog`
  MODIFY `id` int(11) NOT NULL AUTO_INCREMENT, AUTO_INCREMENT=442;
--
-- AUTO_INCREMENT for table `users`
--
ALTER TABLE `users`
  MODIFY `id` int(11) NOT NULL AUTO_INCREMENT, AUTO_INCREMENT=5;
/*!40101 SET CHARACTER_SET_CLIENT=@OLD_CHARACTER_SET_CLIENT */;
/*!40101 SET CHARACTER_SET_RESULTS=@OLD_CHARACTER_SET_RESULTS */;
/*!40101 SET COLLATION_CONNECTION=@OLD_COLLATION_CONNECTION */;
