-- phpMyAdmin SQL Dump
-- version 4.9.0.1
-- https://www.phpmyadmin.net/
--
-- Host: 127.0.0.1
-- Generation Time: Dec 13, 2019 at 09:52 AM
-- Server version: 10.4.6-MariaDB
-- PHP Version: 7.2.22

SET SQL_MODE = "NO_AUTO_VALUE_ON_ZERO";
SET AUTOCOMMIT = 0;
START TRANSACTION;
SET time_zone = "+00:00";


/*!40101 SET @OLD_CHARACTER_SET_CLIENT=@@CHARACTER_SET_CLIENT */;
/*!40101 SET @OLD_CHARACTER_SET_RESULTS=@@CHARACTER_SET_RESULTS */;
/*!40101 SET @OLD_COLLATION_CONNECTION=@@COLLATION_CONNECTION */;
/*!40101 SET NAMES utf8mb4 */;

--
-- Database: `attendance`
--

-- --------------------------------------------------------

--
-- Table structure for table `grade_level`
--

CREATE TABLE `grade_level` (
  `id` int(11) NOT NULL,
  `student_id` int(11) NOT NULL,
  `grade_level` varchar(50) NOT NULL,
  `section` varchar(100) NOT NULL,
  `course` int(11) NOT NULL,
  `school_year` varchar(50) NOT NULL,
  `schedule_timein` time NOT NULL,
  `schedule_timeout` time NOT NULL,
  `photo` text NOT NULL,
  `fetcher` text NOT NULL,
  `guardian` varchar(100) NOT NULL,
  `guardian_contact` varchar(100) NOT NULL,
  `adviser_contact` varchar(20) NOT NULL,
  `identifierTag` longtext NOT NULL,
  `date_added` date NOT NULL,
  `status` int(11) NOT NULL DEFAULT 1
) ENGINE=InnoDB DEFAULT CHARSET=latin1;

--
-- Dumping data for table `grade_level`
--

INSERT INTO `grade_level` (`id`, `student_id`, `grade_level`, `section`, `course`, `school_year`, `schedule_timein`, `schedule_timeout`, `photo`, `fetcher`, `guardian`, `guardian_contact`, `adviser_contact`, `identifierTag`, `date_added`, `status`) VALUES
(1, 1, '4', '4', 1, '1', '01:00:00', '07:00:00', '', '', '', '', '', '', '2019-06-13', 0),
(2, 4, '4', '4', 1, '1', '12:00:00', '06:00:00', 'team4.jpg', '', '', '', '', '', '2019-06-13', 0),
(3, 5, '4', '4', 1, '1', '14:00:00', '20:00:00', '33.jpg', '', '', '', '', '0001677976', '2019-06-13', 0),
(4, 6, '4', '4', 1, '1', '09:00:00', '15:00:00', 'myrx_social_media_specialist.png', '', '', '', '', '', '2019-06-13', 0),
(5, 1, '6', '3', 1, '1', '12:00:00', '18:00:00', 'team31.jpg', '', 'Juan Dela Cruz', '09282663758', '', '0001692126', '2019-06-13', 0),
(6, 7, '5', '3', 1, '1', '01:45:00', '16:00:00', 'san_mateo_barngay.jpg', '', 'Gigi Nisola', '09922638', '', '0001768030', '2019-06-16', 0),
(7, 8, '', '3', 1, '1', '11:00:00', '18:00:00', '121.jpg', '', 'Alex Gonzaga', '09282719', '', '', '2019-06-18', 0),
(8, 8, '', '3', 1, '1', '11:00:00', '18:00:00', '122.jpg', '', 'Alex Gonzaga', '0909128', '', '', '2019-06-18', 0),
(9, 8, '4', '3', 1, '1', '11:00:00', '18:00:00', '123.jpg', '', 'Alex Gonzaga', '09927271', '', '', '2019-06-18', 0),
(10, 5, '4', '5', 1, '1', '12:00:00', '18:00:00', '050529535d9450ccef324f5f71ea9061.jpg', '', 'Maria Lucero', '9508341565', '9508341565', '', '2019-06-21', 0),
(11, 6, '4', '6', 1, '1', '12:00:00', '18:00:00', 'jewel.jpg', '', 'Pedro Jandayan', '9508341565', '', '3750544154', '2019-06-21', 0),
(12, 2, '1', '8', 1, '1', '03:00:00', '12:00:00', 'johnny.jpg', 'juan.jpg', 'Pedro Pendukos', '9508341565', '', '3750385594', '2019-06-21', 0),
(13, 1, '4', '5', 1, '1', '08:00:00', '17:00:00', 'ricardo.jpg', 'fetcher2.jpg', 'Alice Andayan', '9508341565', '', '3751196698', '2019-10-17', 0),
(14, 9, '4', '6', 0, '1', '08:00:00', '17:00:00', 'juan1.jpg', '', 'Clinton Goodwin', '9508341565', '', '', '2019-11-11', 1),
(15, 14, '4', '5', 7, '1', '08:00:00', '17:00:00', 'd979b88681c47d45625e6aaa35582e98.jpg', '', '', '9508341565', '', '', '2019-11-11', 0),
(16, 11, '4', '5', 7, '1', '08:00:00', '17:00:00', '8538572d5e1a757ba2d219a5400f394d.jpg', '', 'Santos Vicky', '9508341565', '', '', '2019-11-11', 0),
(17, 13, '4', '5', 7, '1', '08:00:00', '17:00:00', 'bf8ec412e90d1e954301e2da7844e030.jpg', '', '', '9508341565', '', '', '2019-11-11', 0),
(18, 10, '4', '6', 7, '1', '08:00:00', '17:00:00', '5bcd354d45593c3f119244949dd5b228.jpg', '', '', '9508341565', '', '', '2019-11-11', 0),
(19, 7, '4', '5', 7, '1', '08:00:00', '17:00:00', 'eb3b53e73194d5f317930e7c0a3c1d14.jpg', '', 'Khendrick Nisola', '9508341565', '', '', '2019-11-11', 0),
(20, 12, '4', '5', 7, '1', '08:00:00', '17:00:00', '8be279207684cddbfee0077faa477da1.jpg', '', 'Rafael Owen', '9508341565', '', '', '2019-11-11', 0),
(21, 8, '4', '5', 7, '1', '08:00:00', '17:00:00', '8f4736032ebd1365e453778aeb69317b.jpg', '', 'Toni Gonzaga', '9508341565', '', '', '2019-11-11', 0),
(22, 16, '4', '5', 7, '1', '08:00:00', '17:00:00', '1c2e6b9460efd1d865c18350541c1488.jpg', '', 'Murphy Vernon', '9508341565', '', '', '2019-11-11', 0),
(23, 15, '4', '5', 7, '1', '08:00:00', '17:00:00', 'be7aea82b3b9407bf68fa2e22b319790.jpg', '', 'Miriam Reese', '9508341565', '', '', '2019-11-11', 0),
(24, 4, '5', 'null', 7, '1', '15:50:00', '15:50:00', 'a4345babe63af86b8eab10bbb2839323.jpg', '', 'dfsdfsd', '9055130156', '', '1233331212', '2019-11-14', 1),
(25, 15, '7', 'null', 7, '1', '15:50:00', '15:50:00', 'ab0a4482a6560f5d7c664b9024bd39da.jpg', '', 'wowowoww', '', '', '12331233442131322', '2019-11-14', 1),
(26, 7, '4', '5', 7, '1', '16:00:00', '16:00:00', 'cf9cad55e97f79f54552be985a08c0af.jpg', '', 'test', '9055130156', '', '1222233', '2019-11-14', 0),
(33, 2, '4', '5', 7, '1', '08:00:00', '17:00:00', 'c12b64484a2deae22a0d9e6eae71d60f.jpg', '', '', '9055130156', '', '3277717678', '2019-11-23', 0),
(34, 2, '4', '5', 7, '1', '08:00:00', '17:00:00', 'af061cf6c927e3599320a048c68ae142.jpg', '', '', '9055130156', '', '3277717678', '2019-11-23', 0),
(35, 2, '4', '5', 7, '1', '08:00:00', '17:00:00', 'ded13cff6ef0043f29b09ead79d85cf8.jpg', '', 'dela cruz', '9055130156', '', '3277717678', '2019-11-23', 0),
(36, 2, '4', '5', 7, '1', '08:00:00', '17:00:00', '15d06c0c1809b51faa8964c942135f12.jpg', '', 'dela cruz', '9055130156', '', '3277717678', '2019-11-23', 0),
(37, 2, '4', '5', 7, '1', '08:00:00', '17:00:00', '9ff6c16a152385cf95568fc884fcf6a5.jpg', '', 'dela cruz', '9055130156', '', '3277717678', '2019-11-23', 0),
(38, 2, '4', '5', 7, '1', '08:00:00', '17:00:00', 'd30b9d9cb51759fef63fc63cef4d0f8a.jpg', '', '', '9055130156', '', '3277717678', '2019-11-23', 0),
(39, 2, '4', '5', 7, '1', '08:00:00', '17:00:00', '440628258d5690782f0ce4382190e9f0.jpg', '', 'dela cruz', '9055130156', '', '3277717678', '2019-11-23', 0),
(40, 2, '4', '5', 7, '1', '08:00:00', '17:00:00', 'd6377de079dbe2b2ee08f001f1f59409.jpg', '', 'dela cruz', '9055130156', '', '3277717678', '2019-11-23', 0),
(41, 2, '4', '5', 7, '1', '08:00:00', '17:00:00', 'a2f45c6d51d2d2fabe2672db7c6f0752.jpg', '', 'dela cruz', '9055130156', '', '3277717678', '2019-11-23', 0),
(42, 2, '4', '5', 7, '1', '08:00:00', '17:00:00', '6046585e0d50b1d2da6dede18804d2f9.jpg', '', 'dela cruz', '9055130156', '', '3277717678', '2019-11-23', 0),
(43, 2, '4', '5', 7, '1', '05:00:00', '20:00:00', '02e1c71c724b9d6856c8fb384b65ef0c.jpg', '', 'dela cruz', '9055130156', '', '3277717678', '2019-11-23', 0),
(44, 2, '4', '5', 7, '1', '08:00:00', '17:00:00', '728cd3869e909a187b78e3784c290ab4.jpg', '', 'dela cruz', '9055130156', '', '3277717678', '2019-11-23', 0),
(45, 2, '4', '5', 7, '1', '08:00:00', '17:00:00', '33beef1a35a0199a06ea0c240b65ce11.jpg', '', 'dela cruz', '9055130156', '', '3277717678', '2019-11-23', 0),
(46, 2, '4', '5', 7, '1', '08:00:00', '17:00:00', 'fbfb906923c0ea2adcb99646ac7f270d.jpg', '', 'dela cruz', '9055130156', '', '3277717678', '2019-11-23', 0),
(47, 2, '4', '5', 7, '1', '08:00:00', '17:00:00', '6e7bec7e258eeff4920220baadb3cfaf.jpg', '', 'dela cruz', '9055130156', '', '3277717678', '2019-11-23', 0),
(48, 2, '4', '5', 7, '1', '08:00:00', '17:00:00', '17a3c6f8a46889547df1066bdc86ae67.jpg', '', 'dela cruz', '9055130156', '', '', '2019-11-23', 0),
(49, 7, '4', '5', 7, '1', '08:00:00', '17:00:00', 'd090cec979ffdca7468ef3dbf4bdf06c.jpg', '', 'kendrick', '9508341565', '9508341565', '', '2019-11-26', 0),
(50, 7, '4', '5', 7, '1', '08:00:00', '17:00:00', '451492da021152c271534bc6a6052562.jpg', '', 'khendrick', '9508341565', '9508341565', '3277717678', '2019-11-26', 0),
(51, 51, '4', '5', 7, '1', '08:00:00', '17:00:00', '150x350.png', '', 'ricardo osit', '9508341565', '9508341565', '', '2019-11-28', 0),
(52, 52, '4', '5', 7, '1', '08:00:00', '17:00:00', '150x350.png', '', 'ricardo osit', '9508341565', '9508341565', '', '2019-11-28', 0),
(53, 54, '4', '5', 7, '1', '08:00:00', '17:00:00', '150x350.png', '', 'ricardo osit', '9508341565', '9508341565', '', '2019-11-28', 0),
(54, 56, '4', '5', 7, '1', '08:00:00', '17:00:00', '150x350.png', '', 'ricardo osit', '9508341565', '9508341565', '', '2019-11-28', 0),
(55, 57, '4', '5', 7, '1', '08:00:00', '17:00:00', '150x350.png', '', 'ricardo osit', '9508341565', '9508341565', '', '2019-11-28', 0),
(56, 58, '4', '5', 7, '1', '08:00:00', '17:00:00', '150x350.png', '', 'ricardo osit', '9508341565', '9508341565', '', '2019-11-28', 0),
(57, 6, '4', '5', 7, '1', '08:00:00', '17:00:00', '150x350.png', '', 'ricardo osit', '9508341565', '9508341565', '', '2019-11-28', 0),
(58, 2, '4', '5', 7, '1', '08:00:00', '17:00:00', '150x350.png', '', 'ricardo osit', '9508341565', '9508341565', '3277717678', '2019-11-28', 0),
(59, 8, '4', '5', 7, '1', '08:00:00', '17:00:00', '150x350.png', '', 'ricardo osit', '9508341565', '9508341565', '', '2019-11-28', 0),
(60, 29, '4', '5', 7, '1', '08:00:00', '17:00:00', '150x350.png', '', 'ricardo osit', '9508341565', '9508341565', '', '2019-11-28', 0),
(61, 5, '4', '5', 7, '1', '08:00:00', '17:00:00', '150x350.png', '', 'ricardo osit', '9508341565', '9508341565', '', '2019-11-28', 0),
(62, 27, '4', '5', 7, '1', '08:00:00', '17:00:00', '150x350.png', '', 'ricardo osit', '9508341565', '9508341565', '', '2019-11-28', 0),
(63, 12, '4', '5', 7, '1', '08:00:00', '17:00:00', '150x350.png', '', 'ricardo osit', '9508341565', '9508341565', '', '2019-11-28', 0),
(64, 6, '4', '5', 7, '1', '08:00:00', '17:00:00', '150x350.png', '', 'ricardo osit', '9508341565', '9508341565', '', '2019-11-28', 0),
(65, 2, '4', '5', 7, '1', '08:00:00', '17:00:00', '150x350.png', '', 'ricardo osit', '9508341565', '9508341565', '3277717678', '2019-11-28', 0),
(66, 8, '4', '5', 7, '1', '08:00:00', '17:00:00', '150x350.png', '', 'ricardo osit', '9508341565', '9508341565', '', '2019-11-28', 0),
(67, 29, '4', '5', 7, '1', '08:00:00', '17:00:00', '150x350.png', '', 'ricardo osit', '9508341565', '9508341565', '', '2019-11-28', 0),
(68, 5, '4', '5', 7, '1', '08:00:00', '17:00:00', '150x350.png', '', 'ricardo osit', '9508341565', '9508341565', '', '2019-11-28', 0),
(69, 27, '4', '5', 7, '1', '08:00:00', '17:00:00', '150x350.png', '', 'ricardo osit', '9508341565', '9508341565', '', '2019-11-28', 0),
(70, 12, '4', '5', 7, '1', '08:00:00', '17:00:00', '150x350.png', '', 'ricardo osit', '9508341565', '9508341565', '', '2019-11-28', 0),
(71, 6, '4', '5', 7, '1', '08:00:00', '17:00:00', '150x350.png', 'maricar_jandayan.jpg', 'ricardo osit', '9508341565', '9508341565', '', '2019-11-28', 1),
(72, 2, '4', '5', 7, '1', '08:00:00', '17:00:00', '0c1b1e936a8f2cdc5d663143c61c4fae.jpg', '', 'ricardo osit', '9508341565', '9508341565', '3277717678', '2019-11-28', 1),
(73, 8, '1', '8', 7, '1', '08:00:00', '17:00:00', '150x350.png', '', 'ricardo osit', '9508341565', '9508341565', '', '2019-11-28', 1),
(74, 29, '4', '5', 7, '1', '08:00:00', '17:00:00', '150x350.png', '', 'ricardo osit', '9508341565', '9508341565', '', '2019-11-28', 1),
(75, 5, '4', '5', 7, '1', '08:00:00', '17:00:00', '150x350.png', '', 'ricardo osit', '9508341565', '9508341565', '', '2019-11-28', 1),
(76, 27, '4', '5', 7, '1', '08:00:00', '17:00:00', '150x350.png', '', 'ricardo osit', '9508341565', '9508341565', '', '2019-11-28', 1),
(77, 12, '4', '5', 7, '1', '08:00:00', '17:00:00', '150x350.png', '', 'ricardo osit', '9508341565', '9508341565', '', '2019-11-28', 1),
(78, 59, '4', '6', 7, '1', '08:00:00', '05:00:00', 'b6b6c6fa8b2ed425f4e18e0b22a19b81.jpg', '', 'grant parens', '9055130156', '9055130156', '', '2019-11-28', 0),
(79, 59, '4', '6', 7, '1', '08:00:00', '17:00:00', '269bc31000730def5f7062bb837e45f9.jpg', '', 'grant parents', '9055130156', '9055130156', '', '2019-11-28', 1);

-- --------------------------------------------------------

--
-- Table structure for table `settings_course`
--

CREATE TABLE `settings_course` (
  `id` int(11) NOT NULL,
  `course` text NOT NULL,
  `status` int(11) NOT NULL DEFAULT 1
) ENGINE=InnoDB DEFAULT CHARSET=latin1;

--
-- Dumping data for table `settings_course`
--

INSERT INTO `settings_course` (`id`, `course`, `status`) VALUES
(1, 'B.S Computer Sciencess', 1),
(2, 'B.S Information Technology', 1),
(3, 'B.S Hotel and Restaurant Management', 1),
(4, 'B.S Criminology', 0),
(7, 'null', 1);

-- --------------------------------------------------------

--
-- Table structure for table `settings_gradelevel`
--

CREATE TABLE `settings_gradelevel` (
  `id` int(11) NOT NULL,
  `grade_level` varchar(50) NOT NULL,
  `status` int(11) NOT NULL DEFAULT 1
) ENGINE=InnoDB DEFAULT CHARSET=latin1;

--
-- Dumping data for table `settings_gradelevel`
--

INSERT INTO `settings_gradelevel` (`id`, `grade_level`, `status`) VALUES
(1, 'Grade 2', 1),
(2, 'Grade 6', 1),
(3, 'Grade 4', 0),
(4, 'Grade 1', 1),
(5, 'Grade 3', 1),
(6, 'Grade 4', 1),
(7, 'Grade 5', 1);

-- --------------------------------------------------------

--
-- Table structure for table `settings_schoolyear`
--

CREATE TABLE `settings_schoolyear` (
  `id` int(11) NOT NULL,
  `school_year` varchar(100) NOT NULL,
  `status` int(11) NOT NULL DEFAULT 1
) ENGINE=InnoDB DEFAULT CHARSET=latin1 ROW_FORMAT=COMPACT;

--
-- Dumping data for table `settings_schoolyear`
--

INSERT INTO `settings_schoolyear` (`id`, `school_year`, `status`) VALUES
(1, '2019-2021', 1),
(2, '2022-2023', 0),
(3, '2024-2025', 0),
(4, '2022-2025', 0),
(5, '2022-2025', 0),
(6, '2022-2023', 1);

-- --------------------------------------------------------

--
-- Table structure for table `settings_section`
--

CREATE TABLE `settings_section` (
  `id` int(11) NOT NULL,
  `settings_grade_level_id` int(11) NOT NULL,
  `section` varchar(100) NOT NULL,
  `status` int(11) NOT NULL DEFAULT 1
) ENGINE=InnoDB DEFAULT CHARSET=latin1;

--
-- Dumping data for table `settings_section`
--

INSERT INTO `settings_section` (`id`, `settings_grade_level_id`, `section`, `status`) VALUES
(3, 4, 'del pilar123', 0),
(4, 1, 'rizal', 0),
(5, 4, 'Sampaguita', 1),
(6, 4, 'Lily', 1),
(7, 1, 'Rizal', 1),
(8, 1, 'Bonifacio', 1);

-- --------------------------------------------------------

--
-- Table structure for table `students`
--

CREATE TABLE `students` (
  `id` int(11) NOT NULL,
  `last_name` varchar(100) NOT NULL,
  `first_name` varchar(100) NOT NULL,
  `middle_name` varchar(100) NOT NULL,
  `gender` varchar(20) NOT NULL,
  `birthdate` date NOT NULL,
  `status` int(11) NOT NULL DEFAULT 1
) ENGINE=InnoDB DEFAULT CHARSET=latin1;

--
-- Dumping data for table `students`
--

INSERT INTO `students` (`id`, `last_name`, `first_name`, `middle_name`, `gender`, `birthdate`, `status`) VALUES
(1, 'Osits', 'Ricardo', 'Andayan', 'male', '1992-01-02', 1),
(2, 'Dela Cruz', 'Juan', 'Pedro', 'male', '1997-09-01', 1),
(3, '0', 'Ricardoz', 'Andayan', '', '0000-00-00', 0),
(4, 'Lebrado', 'Lovelyn Grace', 'Sotillo', 'female', '1997-04-21', 1),
(5, 'Lucero', 'Ariel', 'Andayan', 'male', '2002-06-04', 1),
(6, 'Andayan', 'Maricar', 'Lucero', 'female', '0000-00-00', 1),
(7, 'Nisola', 'Khendrick', 'G', 'female', '1994-10-04', 1),
(8, 'Gonzaga', 'Toni', 'S', 'female', '2004-11-04', 1),
(9, 'Goodwin', 'Clinton', 'Andayan', 'female', '2004-11-10', 1),
(10, 'Reeves', 'Hubert', 'Andayan', 'female', '2004-11-10', 1),
(11, 'Santos', 'Vicky', 'Andayan', 'female', '2004-11-13', 1),
(12, 'Owen', 'Rafael', 'Andayan', 'male', '2004-11-03', 1),
(13, 'Howard', 'Alfredo', 'Andayan', 'female', '2004-11-03', 1),
(14, 'Moore', 'Neal', 'Andayan', 'male', '2002-11-12', 1),
(15, 'Reese', 'Miriam', 'Andayan', 'female', '2003-11-04', 1),
(16, 'Murphy', 'Vernon', 'Andayan', 'male', '2003-11-13', 1),
(17, 'Ruiz', 'Larry', 'Andayan', 'male', '1992-02-01', 0),
(18, 'Becker', 'Ethel', 'Andayan', 'female', '1992-02-01', 0),
(19, 'Valdez', 'Karl', 'Andayan', 'male', '1992-02-01', 0),
(20, 'Mcguire', 'Patsy', 'Andayan', 'male', '1992-02-01', 0),
(21, 'Cook', 'Alexis', 'Andayan', 'male', '1992-02-01', 0),
(22, 'Henry', 'Vera', 'Andayan', 'male', '1992-02-01', 0),
(23, 'Larson', 'Erin', 'Andayan', 'male', '1992-02-01', 1),
(24, 'Ruiz', 'Larry', 'Andayan', 'male', '1992-02-01', 0),
(25, 'Becker', 'Ethel', 'Andayan', 'female', '1992-02-01', 0),
(26, 'Valdez', 'Karl', 'Andayan', 'male', '1992-02-01', 0),
(27, 'Mcguire', 'Patsy', 'Andayan', 'male', '1992-02-01', 1),
(28, 'Cook', 'Alexis', 'Andayan', 'male', '1992-02-01', 0),
(29, 'Henry', 'Vera', 'Andayan', 'male', '1992-02-01', 1),
(30, 'Valdez', 'Karl', 'Andayan', 'male', '1992-02-01', 1),
(31, 'Becker', 'Ethel', 'Andayan', 'female', '1992-02-01', 0),
(32, 'Cook', 'Alexis', 'Andayan', 'male', '1992-02-01', 0),
(33, 'Becker', 'Ethel', 'Andayan', 'female', '1992-02-01', 0),
(34, 'Cook', 'Alexis', 'Andayan', 'male', '1992-02-01', 0),
(35, 'Becker', 'Ethel', 'Andayan', 'female', '1992-02-01', 0),
(36, 'Cook', 'Alexis', 'Andayan', 'male', '1992-02-01', 0),
(37, 'Becker', 'Ethel', 'Andayan', 'female', '1992-02-01', 0),
(38, 'Cook', 'Alexis', 'Andayan', 'male', '1992-02-01', 0),
(39, 'Becker', 'Ethel', 'Andayan', 'female', '1992-02-01', 0),
(40, 'Cook', 'Alexis', 'Andayan', 'male', '1992-02-01', 0),
(41, 'Becker', 'Ethel', 'Andayan', 'female', '1992-02-01', 0),
(42, 'Cook', 'Alexis', 'Andayan', 'male', '1992-02-01', 0),
(43, 'Becker', 'Ethel', 'Andayan', 'female', '1992-02-01', 0),
(44, 'Cook', 'Alexis', 'Andayan', 'male', '1992-02-01', 0),
(45, 'Becker', 'Ethel', 'Andayan', 'female', '1992-02-01', 0),
(46, 'Becker', 'Ethel', 'Andayan', 'female', '1992-02-01', 0),
(47, 'Cook', 'Alexis', 'Andayan', 'male', '1992-02-01', 0),
(48, 'Becker', 'Ethel', 'Andayan', 'female', '1992-02-01', 0),
(49, 'Becker', 'Ethel', 'Andayan', 'female', '1992-02-01', 0),
(50, 'Ruiz', 'Larry', 'Andayan', 'male', '1992-02-01', 1),
(51, 'Becker', 'Ethel', 'Andayan', 'female', '1992-02-01', 0),
(52, 'Cook', 'Alexis', 'Andayan', 'male', '1992-02-01', 0),
(53, 'Becker', 'Ethel', 'Andayan', 'female', '1992-02-01', 0),
(54, 'Cook', 'Alexis', 'Andayan', 'male', '1992-02-01', 0),
(55, 'Becker', 'Ethel', 'Andayan', 'female', '1992-02-01', 0),
(56, 'Cook', 'Alexis', 'Andayan', 'male', '1992-02-01', 0),
(57, 'Cook', 'Alexis', 'Andayan', 'male', '1992-02-01', 0),
(58, 'Cook', 'Alexis', 'Andayan', 'male', '1992-02-01', 0),
(59, 'Grant', 'Rodgers', 'Andayan', 'male', '1992-01-02', 1);

-- --------------------------------------------------------

--
-- Table structure for table `timelog`
--

CREATE TABLE `timelog` (
  `id` int(11) NOT NULL,
  `grade_level_id` varchar(30) NOT NULL,
  `type` varchar(30) NOT NULL,
  `timeTap` time NOT NULL,
  `dateTap` date NOT NULL
) ENGINE=InnoDB DEFAULT CHARSET=latin1;

--
-- Dumping data for table `timelog`
--

INSERT INTO `timelog` (`id`, `grade_level_id`, `type`, `timeTap`, `dateTap`) VALUES
(5, '5', 'in', '02:55:00', '2019-06-15'),
(6, '5', 'out', '02:55:00', '2019-06-15'),
(7, '5', 'in', '02:57:00', '2019-06-15'),
(8, '5', 'out', '03:01:00', '2019-06-15'),
(9, '5', 'in', '03:32:00', '2019-06-15'),
(10, '5', 'out', '04:00:00', '2019-06-15'),
(11, '5', 'in', '05:05:00', '2019-06-15'),
(12, '5', 'out', '05:06:00', '2019-06-15'),
(13, '5', 'in', '05:08:00', '2019-06-15'),
(14, '5', 'out', '05:10:00', '2019-06-15'),
(15, '5', 'in', '05:13:00', '2019-06-15'),
(16, '5', 'out', '05:14:00', '2019-06-15'),
(17, '5', 'in', '16:58:00', '2019-06-16'),
(18, '5', 'out', '16:59:00', '2019-06-16'),
(19, '5', 'in', '17:00:00', '2019-06-16'),
(20, '5', 'out', '17:04:00', '2019-06-16'),
(21, '2', 'in', '17:09:00', '2019-06-16'),
(22, '5', 'in', '17:09:00', '2019-06-16'),
(23, '2', 'out', '17:10:00', '2019-06-16'),
(24, '5', 'out', '17:11:00', '2019-06-16'),
(25, '5', 'in', '17:13:00', '2019-06-16'),
(26, '5', 'out', '17:14:00', '2019-06-16'),
(27, '5', 'in', '17:15:00', '2019-06-16'),
(28, '5', 'out', '17:16:00', '2019-06-16'),
(29, '5', 'in', '17:17:00', '2019-06-16'),
(30, '5', 'out', '17:18:00', '2019-06-16'),
(31, '5', 'in', '17:18:00', '2019-06-16'),
(32, '5', 'out', '17:18:00', '2019-06-16'),
(33, '5', 'in', '17:18:00', '2019-06-16'),
(34, '5', 'out', '17:19:00', '2019-06-16'),
(35, '5', 'in', '17:19:00', '2019-06-16'),
(36, '5', 'out', '17:19:00', '2019-06-16'),
(37, '5', 'in', '17:19:00', '2019-06-16'),
(38, '3', 'in', '17:59:00', '2019-06-16'),
(39, '3', 'out', '18:00:00', '2019-06-16'),
(40, '5', 'out', '18:00:00', '2019-06-16'),
(41, '3', 'in', '18:00:00', '2019-06-16'),
(42, '3', 'out', '18:00:00', '2019-06-16'),
(43, '5', 'in', '18:00:00', '2019-06-16'),
(44, '5', 'out', '18:11:00', '2019-06-16'),
(45, '3', 'in', '18:11:00', '2019-06-16'),
(46, '5', 'in', '18:11:00', '2019-06-16'),
(47, '3', 'out', '18:11:00', '2019-06-16'),
(48, '5', 'out', '18:11:00', '2019-06-16'),
(49, '3', 'in', '19:37:00', '2019-06-16'),
(50, '5', 'in', '19:37:00', '2019-06-16'),
(51, '5', 'out', '23:33:00', '2019-06-16'),
(52, '3', 'out', '23:34:00', '2019-06-16'),
(53, '6', 'in', '23:41:00', '2019-06-16'),
(54, '6', 'out', '23:42:00', '2019-06-16'),
(55, '3', 'in', '23:42:00', '2019-06-16'),
(56, '5', 'in', '23:42:00', '2019-06-16'),
(57, '3', 'out', '23:51:00', '2019-06-16'),
(58, '5', 'out', '23:51:00', '2019-06-16'),
(59, '5', 'in', '00:16:00', '2019-06-17'),
(60, '5', 'out', '00:21:00', '2019-06-17'),
(61, '3', 'in', '00:26:00', '2019-06-17'),
(62, '3', 'out', '00:27:00', '2019-06-17'),
(63, '5', 'in', '00:29:00', '2019-06-17'),
(64, '5', 'out', '00:44:00', '2019-06-17'),
(65, '6', 'in', '00:44:00', '2019-06-17'),
(66, '5', 'in', '22:27:00', '2019-06-17'),
(67, '3', 'in', '22:30:00', '2019-06-17'),
(68, '6', 'out', '22:33:00', '2019-06-17'),
(69, '5', 'out', '22:34:00', '2019-06-17'),
(70, '6', 'in', '22:34:00', '2019-06-17'),
(71, '5', 'in', '22:34:00', '2019-06-17'),
(72, '3', 'out', '22:34:00', '2019-06-17'),
(73, '6', 'out', '22:34:00', '2019-06-17'),
(74, '3', 'in', '22:34:00', '2019-06-17'),
(75, '5', 'out', '22:36:00', '2019-06-17'),
(76, '3', 'out', '22:37:00', '2019-06-17'),
(77, '3', 'in', '22:38:00', '2019-06-17'),
(78, '5', 'in', '22:38:00', '2019-06-17'),
(79, '5', 'out', '22:38:00', '2019-06-17'),
(80, '3', 'out', '22:38:00', '2019-06-17'),
(81, '6', 'in', '22:39:00', '2019-06-17'),
(82, '3', 'in', '22:39:00', '2019-06-17'),
(83, '6', 'out', '22:44:00', '2019-06-17'),
(84, '5', 'in', '22:44:00', '2019-06-17'),
(85, '3', 'out', '22:44:00', '2019-06-17'),
(86, '5', 'out', '22:44:00', '2019-06-17'),
(87, '6', 'in', '22:45:00', '2019-06-17'),
(88, '5', 'in', '22:45:00', '2019-06-17'),
(89, '3', 'in', '22:45:00', '2019-06-17'),
(90, '5', 'out', '22:45:00', '2019-06-17'),
(91, '5', 'in', '22:49:00', '2019-06-17'),
(92, '6', 'out', '22:49:00', '2019-06-17'),
(93, '5', 'out', '22:49:00', '2019-06-17'),
(94, '3', 'out', '22:49:00', '2019-06-17'),
(95, '6', 'in', '22:49:00', '2019-06-17'),
(96, '5', 'in', '22:49:00', '2019-06-17'),
(97, '2', 'in', '22:49:00', '2019-06-17'),
(98, '6', 'out', '22:49:00', '2019-06-17'),
(99, '5', 'out', '22:49:00', '2019-06-17'),
(100, '5', 'in', '22:50:00', '2019-06-17'),
(101, '3', 'in', '22:50:00', '2019-06-17'),
(102, '5', 'out', '22:50:00', '2019-06-17'),
(103, '5', 'in', '22:53:00', '2019-06-17'),
(104, '5', 'out', '22:53:00', '2019-06-17'),
(105, '3', 'out', '22:53:00', '2019-06-17'),
(106, '6', 'in', '22:53:00', '2019-06-17'),
(107, '6', 'out', '22:55:00', '2019-06-17'),
(108, '3', 'in', '23:01:00', '2019-06-17'),
(109, '6', 'in', '23:01:00', '2019-06-17'),
(110, '5', 'in', '23:01:00', '2019-06-17'),
(111, '3', 'out', '23:01:00', '2019-06-17'),
(112, '5', 'out', '23:01:00', '2019-06-17'),
(113, '3', 'in', '23:02:00', '2019-06-17'),
(114, '6', 'out', '23:02:00', '2019-06-17'),
(115, '3', 'out', '23:02:00', '2019-06-17'),
(116, '6', 'in', '23:02:00', '2019-06-17'),
(117, '6', 'out', '23:13:00', '2019-06-17'),
(118, '6', 'in', '23:14:00', '2019-06-17'),
(119, '3', 'in', '23:14:00', '2019-06-17'),
(120, '6', 'out', '23:14:00', '2019-06-17'),
(121, '6', 'in', '23:14:00', '2019-06-17'),
(122, '3', 'out', '23:14:00', '2019-06-17'),
(123, '5', 'in', '23:14:00', '2019-06-17'),
(124, '3', 'in', '23:14:00', '2019-06-17'),
(125, '6', 'out', '23:14:00', '2019-06-17'),
(126, '5', 'out', '23:14:00', '2019-06-17'),
(127, '6', 'in', '23:14:00', '2019-06-17'),
(128, '6', 'out', '23:14:00', '2019-06-17'),
(129, '6', 'in', '23:14:00', '2019-06-17'),
(130, '6', 'out', '23:15:00', '2019-06-17'),
(131, '6', 'in', '23:24:00', '2019-06-17'),
(132, '5', 'in', '23:24:00', '2019-06-17'),
(133, '3', 'out', '23:24:00', '2019-06-17'),
(134, '6', 'out', '23:24:00', '2019-06-17'),
(135, '6', 'in', '23:24:00', '2019-06-17'),
(136, '3', 'in', '23:24:00', '2019-06-17'),
(137, '3', 'out', '23:24:00', '2019-06-17'),
(138, '6', 'out', '23:24:00', '2019-06-17'),
(139, '3', 'in', '23:24:00', '2019-06-17'),
(140, '6', 'in', '23:24:00', '2019-06-17'),
(141, '6', 'out', '23:24:00', '2019-06-17'),
(142, '5', 'out', '23:24:00', '2019-06-17'),
(143, '5', 'in', '23:24:00', '2019-06-17'),
(144, '3', 'out', '23:25:00', '2019-06-17'),
(145, '6', 'in', '23:25:00', '2019-06-17'),
(146, '5', 'out', '23:25:00', '2019-06-17'),
(147, '6', 'out', '23:25:00', '2019-06-17'),
(148, '5', 'in', '23:25:00', '2019-06-17'),
(149, '6', 'in', '23:25:00', '2019-06-17'),
(150, '5', 'out', '23:25:00', '2019-06-17'),
(151, '3', 'in', '23:26:00', '2019-06-17'),
(152, '5', 'in', '23:26:00', '2019-06-17'),
(153, '3', 'out', '23:26:00', '2019-06-17'),
(154, '3', 'in', '23:26:00', '2019-06-17'),
(155, '3', 'out', '23:27:00', '2019-06-17'),
(156, '5', 'out', '23:27:00', '2019-06-17'),
(157, '6', 'out', '23:27:00', '2019-06-17'),
(158, '5', 'in', '23:29:00', '2019-06-17'),
(159, '3', 'in', '23:29:00', '2019-06-17'),
(160, '6', 'in', '23:29:00', '2019-06-17'),
(161, '5', 'out', '23:30:00', '2019-06-17'),
(162, '6', 'out', '23:30:00', '2019-06-17'),
(163, '3', 'out', '23:30:00', '2019-06-17'),
(164, '5', 'in', '23:30:00', '2019-06-17'),
(165, '3', 'in', '23:30:00', '2019-06-17'),
(166, '6', 'in', '23:30:00', '2019-06-17'),
(167, '5', 'out', '23:30:00', '2019-06-17'),
(168, '6', 'out', '23:30:00', '2019-06-17'),
(169, '6', 'in', '23:30:00', '2019-06-17'),
(170, '5', 'in', '23:31:00', '2019-06-17'),
(171, '3', 'out', '23:31:00', '2019-06-17'),
(172, '6', 'out', '23:31:00', '2019-06-17'),
(173, '5', 'out', '23:31:00', '2019-06-17'),
(174, '6', 'in', '23:31:00', '2019-06-17'),
(175, '5', 'in', '23:31:00', '2019-06-17'),
(176, '3', 'in', '23:31:00', '2019-06-17'),
(177, '3', 'out', '23:31:00', '2019-06-17'),
(178, '5', 'out', '23:31:00', '2019-06-17'),
(179, '3', 'in', '23:31:00', '2019-06-17'),
(180, '3', 'out', '23:32:00', '2019-06-17'),
(181, '6', 'out', '23:32:00', '2019-06-17'),
(182, '6', 'in', '23:32:00', '2019-06-17'),
(183, '6', 'out', '23:32:00', '2019-06-17'),
(184, '5', 'in', '23:32:00', '2019-06-17'),
(185, '5', 'out', '23:33:00', '2019-06-17'),
(186, '3', 'in', '23:33:00', '2019-06-17'),
(187, '6', 'in', '23:33:00', '2019-06-17'),
(188, '3', 'in', '12:36:00', '2019-06-18'),
(189, '5', 'in', '12:37:00', '2019-06-18'),
(190, '6', 'in', '12:37:00', '2019-06-18'),
(191, '6', 'out', '12:37:00', '2019-06-18'),
(192, '3', 'out', '12:38:00', '2019-06-18'),
(193, '5', 'out', '12:38:00', '2019-06-18'),
(194, '3', 'in', '12:38:00', '2019-06-18'),
(195, '2', 'in', '12:38:00', '2019-06-18'),
(196, '6', 'in', '12:38:00', '2019-06-18'),
(197, '5', 'in', '12:38:00', '2019-06-18'),
(198, '3', 'out', '12:39:00', '2019-06-18'),
(199, '5', 'out', '12:39:00', '2019-06-18'),
(200, '3', 'in', '12:39:00', '2019-06-18'),
(201, '3', 'out', '12:40:00', '2019-06-18'),
(202, '5', 'in', '12:40:00', '2019-06-18'),
(203, '5', 'out', '12:40:00', '2019-06-18'),
(204, '6', 'out', '12:40:00', '2019-06-18'),
(205, '6', 'in', '12:40:00', '2019-06-18'),
(206, '6', 'out', '12:40:00', '2019-06-18'),
(207, '5', 'in', '00:42:00', '2019-06-18'),
(208, '6', 'in', '00:43:00', '2019-06-18'),
(209, '3', 'in', '00:43:00', '2019-06-18'),
(210, '3', 'out', '00:43:00', '2019-06-18'),
(211, '5', 'out', '05:02:00', '2019-06-18'),
(212, '6', 'out', '05:02:00', '2019-06-18'),
(213, '3', 'in', '05:03:00', '2019-06-18'),
(214, '6', 'in', '05:03:00', '2019-06-18'),
(215, '3', 'out', '05:03:00', '2019-06-18'),
(216, '3', 'in', '05:03:00', '2019-06-18'),
(217, '3', 'out', '05:09:00', '2019-06-18'),
(218, '6', 'out', '05:09:00', '2019-06-18'),
(219, '6', 'in', '05:49:00', '2019-06-18'),
(220, '5', 'in', '05:49:00', '2019-06-18'),
(221, '3', 'in', '06:06:00', '2019-06-18'),
(226, '5', 'in', '01:49:00', '2019-06-19'),
(227, '6', 'in', '01:50:00', '2019-06-19'),
(228, '3', 'in', '01:50:00', '2019-06-19'),
(229, '6', 'out', '01:58:00', '2019-06-19'),
(230, '3', 'out', '04:39:00', '2019-06-19'),
(231, '5', 'out', '04:47:00', '2019-06-19'),
(232, '6', 'in', '04:47:00', '2019-06-19'),
(233, '3', 'in', '19:26:00', '2019-06-20'),
(234, '6', 'in', '19:26:00', '2019-06-20'),
(235, '6', 'in', '01:00:00', '2019-06-21'),
(236, '3', 'in', '01:00:00', '2019-06-21'),
(237, '5', 'in', '01:00:00', '2019-06-21'),
(238, '6', 'out', '01:42:00', '2019-06-21'),
(239, '10', 'in', '02:27:00', '2019-06-21'),
(240, '10', 'out', '02:34:00', '2019-06-21'),
(241, '11', 'in', '02:50:00', '2019-06-21'),
(242, '11', 'out', '03:09:00', '2019-06-21'),
(243, '11', 'in', '03:10:00', '2019-06-21'),
(244, '11', 'out', '03:10:00', '2019-06-21'),
(245, '12', 'in', '03:27:00', '2019-06-21'),
(246, '11', 'in', '05:04:00', '2019-06-21'),
(247, '12', 'in', '21:55:00', '2019-07-05'),
(248, '12', 'out', '21:55:00', '2019-07-05'),
(249, '12', 'in', '21:57:00', '2019-07-05'),
(250, '11', 'in', '22:01:00', '2019-07-05'),
(251, '11', 'out', '22:05:00', '2019-07-05'),
(252, '11', 'in', '22:09:00', '2019-07-05'),
(253, '11', 'out', '22:12:00', '2019-07-05'),
(254, '12', 'out', '22:13:00', '2019-07-05'),
(255, '11', 'in', '22:13:00', '2019-07-05'),
(256, '11', 'out', '22:14:00', '2019-07-05'),
(257, '11', 'in', '22:17:00', '2019-07-05'),
(258, '12', 'in', '22:19:00', '2019-07-05'),
(259, '10', 'in', '22:20:00', '2019-07-05'),
(260, '11', 'out', '22:21:00', '2019-07-05'),
(261, '10', 'out', '22:23:00', '2019-07-05'),
(262, '11', 'in', '22:24:00', '2019-07-05'),
(263, '10', 'in', '22:24:00', '2019-07-05'),
(264, '11', 'out', '23:09:00', '2019-07-05'),
(265, '10', 'out', '23:23:00', '2019-07-05'),
(266, '11', 'in', '23:24:00', '2019-07-05'),
(267, '12', 'out', '23:24:00', '2019-07-05'),
(268, '10', 'in', '23:43:00', '2019-07-05'),
(269, '10', 'in', '01:10:00', '2019-07-06'),
(270, '10', 'out', '01:11:00', '2019-07-06'),
(271, '11', 'in', '01:13:00', '2019-07-06'),
(272, '11', 'out', '01:18:00', '2019-07-06'),
(273, '12', 'in', '01:20:00', '2019-07-06'),
(274, '10', 'in', '01:30:00', '2019-07-06'),
(275, '11', 'in', '01:34:00', '2019-07-06'),
(276, '12', 'out', '01:36:00', '2019-07-06'),
(277, '11', 'out', '01:45:00', '2019-07-06'),
(278, '10', 'out', '12:25:00', '2019-07-06'),
(279, '11', 'in', '12:25:00', '2019-07-06'),
(280, '12', 'in', '12:26:00', '2019-07-06'),
(281, '11', 'out', '12:27:00', '2019-07-06'),
(282, '11', 'in', '12:30:00', '2019-07-06'),
(283, '11', 'out', '12:31:00', '2019-07-06'),
(284, '10', 'in', '12:33:00', '2019-07-06'),
(285, '11', 'in', '12:36:00', '2019-07-06'),
(286, '11', 'out', '12:37:00', '2019-07-06'),
(287, '10', 'out', '12:39:00', '2019-07-06'),
(288, '12', 'out', '12:41:00', '2019-07-06'),
(289, '12', 'in', '12:49:00', '2019-07-06'),
(290, '11', 'in', '15:52:00', '2019-07-06'),
(291, '11', 'out', '15:53:00', '2019-07-06'),
(292, '11', 'in', '16:11:00', '2019-07-06'),
(293, '12', 'out', '16:12:00', '2019-07-06'),
(294, '12', 'in', '18:54:00', '2019-07-06'),
(295, '11', 'out', '18:54:00', '2019-07-06'),
(296, '12', 'out', '18:55:00', '2019-07-06'),
(297, '12', 'in', '18:56:00', '2019-07-06'),
(298, '12', 'out', '18:57:00', '2019-07-06'),
(299, '12', 'in', '18:58:00', '2019-07-06'),
(300, '12', 'out', '21:09:00', '2019-07-06'),
(301, '12', 'in', '21:17:00', '2019-07-06'),
(302, '11', 'in', '21:19:00', '2019-07-06'),
(303, '12', 'out', '21:19:00', '2019-07-06'),
(304, '11', 'out', '22:53:00', '2019-07-06'),
(305, '12', 'in', '22:54:00', '2019-07-06'),
(306, '11', 'in', '22:55:00', '2019-07-06'),
(307, '11', 'in', '00:44:00', '2019-07-07'),
(308, '11', 'out', '00:55:00', '2019-07-07'),
(309, '11', 'in', '00:59:00', '2019-07-07'),
(310, '12', 'in', '01:00:00', '2019-07-07'),
(311, '11', 'out', '01:01:00', '2019-07-07'),
(312, '12', 'out', '01:02:00', '2019-07-07'),
(313, '11', 'in', '01:05:00', '2019-07-07'),
(314, '12', 'in', '01:06:00', '2019-07-07'),
(315, '11', 'out', '01:06:00', '2019-07-07'),
(316, '11', 'in', '01:08:00', '2019-07-07'),
(317, '12', 'out', '02:02:00', '2019-07-07'),
(318, '11', 'out', '02:03:00', '2019-07-07'),
(319, '11', 'in', '02:04:00', '2019-07-07'),
(320, '12', 'in', '02:23:00', '2019-07-07'),
(321, '11', 'out', '02:25:00', '2019-07-07'),
(322, '12', 'out', '02:25:00', '2019-07-07'),
(323, '11', 'in', '02:27:00', '2019-07-07'),
(324, '12', 'in', '02:27:00', '2019-07-07'),
(325, '12', 'out', '02:29:00', '2019-07-07'),
(326, '11', 'out', '02:33:00', '2019-07-07'),
(327, '12', 'in', '02:34:00', '2019-07-07'),
(328, '11', 'in', '02:35:00', '2019-07-07'),
(329, '11', 'out', '02:35:00', '2019-07-07'),
(330, '12', 'out', '02:36:00', '2019-07-07'),
(331, '12', 'in', '02:37:00', '2019-07-07'),
(332, '12', 'out', '02:49:00', '2019-07-07'),
(333, '11', 'in', '13:26:00', '2019-07-07'),
(334, '12', 'in', '13:27:00', '2019-07-07'),
(335, '11', 'out', '13:28:00', '2019-07-07'),
(336, '12', 'out', '13:28:00', '2019-07-07'),
(337, '11', 'in', '13:29:00', '2019-07-07'),
(338, '12', 'in', '13:30:00', '2019-07-07'),
(339, '12', 'out', '13:30:00', '2019-07-07'),
(340, '12', 'in', '13:31:00', '2019-07-07'),
(341, '12', 'out', '13:32:00', '2019-07-07'),
(342, '11', 'out', '13:32:00', '2019-07-07'),
(343, '12', 'in', '13:33:00', '2019-07-07'),
(344, '11', 'in', '13:34:00', '2019-07-07'),
(345, '12', 'out', '13:34:00', '2019-07-07'),
(346, '11', 'out', '13:35:00', '2019-07-07'),
(347, '12', 'in', '13:37:00', '2019-07-07'),
(348, '12', 'out', '13:38:00', '2019-07-07'),
(349, '11', 'in', '13:39:00', '2019-07-07'),
(350, '12', 'in', '13:39:00', '2019-07-07'),
(351, '11', 'out', '13:41:00', '2019-07-07'),
(352, '12', 'out', '13:42:00', '2019-07-07'),
(353, '12', 'in', '14:05:00', '2019-07-07'),
(354, '11', 'in', '14:24:00', '2019-07-07'),
(355, '12', 'out', '14:24:00', '2019-07-07'),
(356, '12', 'in', '14:27:00', '2019-07-07'),
(357, '11', 'out', '14:28:00', '2019-07-07'),
(358, '12', 'out', '14:35:00', '2019-07-07'),
(359, '11', 'in', '14:37:00', '2019-07-07'),
(360, '12', 'in', '14:41:00', '2019-07-07'),
(361, '11', 'out', '14:47:00', '2019-07-07'),
(362, '11', 'in', '14:49:00', '2019-07-07'),
(363, '12', 'out', '14:49:00', '2019-07-07'),
(364, '11', 'out', '15:04:00', '2019-07-07'),
(365, '12', 'in', '15:14:00', '2019-07-07'),
(366, '12', 'out', '15:28:00', '2019-07-07'),
(367, '12', 'in', '15:28:00', '2019-07-07'),
(368, '11', 'in', '15:29:00', '2019-07-07'),
(369, '11', 'out', '15:30:00', '2019-07-07'),
(370, '11', 'in', '15:30:00', '2019-07-07'),
(371, '11', 'out', '17:59:00', '2019-07-07'),
(372, '11', 'in', '18:00:00', '2019-07-07'),
(373, '11', 'out', '18:33:00', '2019-07-07'),
(374, '12', 'out', '18:33:00', '2019-07-07'),
(375, '11', 'in', '18:35:00', '2019-07-07'),
(376, '12', 'in', '18:37:00', '2019-07-07'),
(377, '11', 'out', '18:41:00', '2019-07-07'),
(378, '12', 'out', '18:42:00', '2019-07-07'),
(379, '11', 'in', '18:42:00', '2019-07-07'),
(380, '11', 'out', '18:43:00', '2019-07-07'),
(381, '12', 'in', '18:44:00', '2019-07-07'),
(382, '11', 'in', '18:46:00', '2019-07-07'),
(383, '11', 'out', '18:47:00', '2019-07-07'),
(384, '12', 'out', '18:48:00', '2019-07-07'),
(385, '12', 'in', '19:07:00', '2019-07-07'),
(386, '11', 'in', '19:11:00', '2019-07-07'),
(387, '12', 'out', '19:11:00', '2019-07-07'),
(388, '11', 'out', '21:26:00', '2019-07-07'),
(389, '11', 'in', '21:26:00', '2019-07-07'),
(390, '11', 'out', '21:33:00', '2019-07-07'),
(391, '12', 'in', '21:34:00', '2019-07-07'),
(392, '11', 'in', '23:30:00', '2019-07-07'),
(393, '12', 'out', '23:30:00', '2019-07-07'),
(394, '12', 'in', '23:32:00', '2019-07-07'),
(395, '12', 'out', '23:32:00', '2019-07-07'),
(396, '11', 'out', '23:32:00', '2019-07-07'),
(397, '11', 'in', '00:18:00', '2019-07-08'),
(398, '11', 'out', '00:19:00', '2019-07-08'),
(399, '11', 'in', '00:19:00', '2019-07-08'),
(400, '11', 'out', '00:38:00', '2019-07-08'),
(401, '12', 'in', '00:40:00', '2019-07-08'),
(402, '11', 'in', '00:41:00', '2019-07-08'),
(403, '12', 'out', '13:27:00', '2019-07-08'),
(404, '11', 'out', '13:28:00', '2019-07-08'),
(405, '12', 'in', '13:28:00', '2019-07-08'),
(406, '11', 'in', '13:31:00', '2019-07-08'),
(407, '12', 'out', '13:31:00', '2019-07-08'),
(408, '11', 'out', '13:32:00', '2019-07-08'),
(409, '11', 'in', '13:39:00', '2019-07-08'),
(410, '12', 'in', '13:44:00', '2019-07-08'),
(411, '11', 'out', '13:44:00', '2019-07-08'),
(412, '12', 'out', '13:50:00', '2019-07-08'),
(413, '11', 'in', '13:56:00', '2019-07-08'),
(414, '12', 'in', '14:12:00', '2019-07-08'),
(415, '11', 'out', '14:13:00', '2019-07-08'),
(416, '12', 'out', '14:13:00', '2019-07-08'),
(417, '12', 'in', '14:14:00', '2019-07-08'),
(418, '12', 'out', '14:15:00', '2019-07-08'),
(419, '12', 'in', '14:17:00', '2019-07-08'),
(420, '12', 'out', '14:18:00', '2019-07-08'),
(421, '11', 'in', '14:18:00', '2019-07-08'),
(422, '12', 'in', '14:19:00', '2019-07-08'),
(423, '12', 'out', '14:25:00', '2019-07-08'),
(424, '11', 'out', '14:32:00', '2019-07-08'),
(425, '12', 'in', '14:49:00', '2019-07-08'),
(426, '11', 'in', '14:58:00', '2019-07-08'),
(427, '12', 'out', '14:58:00', '2019-07-08'),
(428, '11', 'out', '21:14:00', '2019-07-08'),
(429, '12', 'in', '21:14:00', '2019-07-08'),
(430, '11', 'in', '21:15:00', '2019-07-08'),
(431, '12', 'out', '21:15:00', '2019-07-08'),
(432, '11', 'out', '21:16:00', '2019-07-08'),
(433, '12', 'in', '17:43:00', '2019-07-10'),
(434, '11', 'in', '17:43:00', '2019-07-10'),
(435, '12', 'out', '17:53:00', '2019-07-10'),
(436, '12', 'in', '18:00:00', '2019-07-10'),
(437, '11', 'out', '18:17:00', '2019-07-10'),
(438, '12', 'out', '18:20:00', '2019-07-10'),
(439, '12', 'in', '19:30:00', '2019-07-10'),
(440, '11', 'in', '20:23:00', '2019-07-10'),
(441, '12', 'out', '20:51:00', '2019-07-10'),
(442, '12', 'in', '02:24:00', '2019-10-15'),
(443, '11', 'in', '02:25:00', '2019-10-15'),
(444, '10', 'in', '02:26:00', '2019-10-15'),
(445, '11', 'out', '02:28:00', '2019-10-15'),
(446, '12', 'out', '02:28:00', '2019-10-15'),
(447, '11', 'in', '02:29:00', '2019-10-15'),
(448, '10', 'out', '02:39:00', '2019-10-15'),
(449, '10', 'in', '03:01:00', '2019-10-15'),
(450, '12', 'in', '03:23:00', '2019-10-15'),
(451, '10', 'out', '03:26:00', '2019-10-15'),
(452, '10', 'in', '03:32:00', '2019-10-15'),
(453, '12', 'out', '03:32:00', '2019-10-15'),
(454, '12', 'in', '16:32:00', '2019-10-16'),
(455, '12', 'out', '16:34:00', '2019-10-16'),
(456, '11', 'in', '16:41:00', '2019-10-16'),
(457, '12', 'in', '16:41:00', '2019-10-16'),
(458, '11', 'out', '16:41:00', '2019-10-16'),
(459, '12', 'out', '16:41:00', '2019-10-16'),
(460, '10', 'in', '16:43:00', '2019-10-16'),
(461, '11', 'in', '16:43:00', '2019-10-16'),
(462, '12', 'in', '16:44:00', '2019-10-16'),
(463, '12', 'out', '16:44:00', '2019-10-16'),
(464, '11', 'out', '16:45:00', '2019-10-16'),
(465, '10', 'out', '16:45:00', '2019-10-16'),
(466, '11', 'in', '16:45:00', '2019-10-16'),
(467, '12', 'in', '16:45:00', '2019-10-16'),
(468, '11', 'out', '16:47:00', '2019-10-16'),
(469, '10', 'in', '16:48:00', '2019-10-16'),
(470, '10', 'out', '16:48:00', '2019-10-16'),
(471, '11', 'in', '16:49:00', '2019-10-16'),
(472, '10', 'in', '16:49:00', '2019-10-16'),
(473, '11', 'out', '16:51:00', '2019-10-16'),
(474, '11', 'in', '16:52:00', '2019-10-16'),
(475, '12', 'out', '16:52:00', '2019-10-16'),
(476, '10', 'out', '16:52:00', '2019-10-16'),
(477, '10', 'in', '16:55:00', '2019-10-16'),
(478, '11', 'out', '16:55:00', '2019-10-16'),
(479, '12', 'in', '16:55:00', '2019-10-16'),
(480, '10', 'out', '16:58:00', '2019-10-16'),
(481, '11', 'in', '16:58:00', '2019-10-16'),
(482, '12', 'out', '16:58:00', '2019-10-16'),
(483, '10', 'in', '16:59:00', '2019-10-16'),
(484, '11', 'out', '16:59:00', '2019-10-16'),
(485, '12', 'in', '16:59:00', '2019-10-16'),
(486, '12', 'out', '18:10:00', '2019-10-16'),
(487, '10', 'out', '18:13:00', '2019-10-16'),
(488, '11', 'in', '18:15:00', '2019-10-16'),
(489, '10', 'in', '18:16:00', '2019-10-16'),
(490, '10', 'out', '18:16:00', '2019-10-16'),
(491, '12', 'in', '18:16:00', '2019-10-16'),
(492, '11', 'out', '18:16:00', '2019-10-16'),
(493, '10', 'in', '18:18:00', '2019-10-16'),
(494, '12', 'out', '18:18:00', '2019-10-16'),
(495, '11', 'in', '18:18:00', '2019-10-16'),
(496, '11', 'out', '18:20:00', '2019-10-16'),
(497, '12', 'in', '18:21:00', '2019-10-16'),
(498, '10', 'out', '18:21:00', '2019-10-16'),
(499, '11', 'in', '18:25:00', '2019-10-16'),
(500, '10', 'in', '18:25:00', '2019-10-16'),
(501, '12', 'out', '18:26:00', '2019-10-16'),
(502, '10', 'out', '18:28:00', '2019-10-16'),
(503, '11', 'out', '18:28:00', '2019-10-16'),
(504, '12', 'in', '18:29:00', '2019-10-16'),
(505, '12', 'in', '00:46:00', '2019-10-17'),
(506, '12', 'out', '00:47:00', '2019-10-17'),
(507, '13', 'in', '00:48:00', '2019-10-17'),
(508, '13', 'out', '00:53:00', '2019-10-17'),
(509, '11', 'in', '00:53:00', '2019-10-17'),
(510, '12', 'in', '00:53:00', '2019-10-17'),
(511, '10', 'in', '00:53:00', '2019-10-17'),
(512, '13', 'in', '01:21:00', '2019-10-17'),
(513, '11', 'out', '01:22:00', '2019-10-17'),
(514, '12', 'out', '01:22:00', '2019-10-17'),
(515, '10', 'out', '01:24:00', '2019-10-17'),
(516, '12', 'in', '01:24:00', '2019-10-17'),
(517, '11', 'in', '01:24:00', '2019-10-17'),
(518, '13', 'out', '01:25:00', '2019-10-17'),
(519, '10', 'in', '01:28:00', '2019-10-17'),
(520, '12', 'out', '01:28:00', '2019-10-17'),
(521, '13', 'in', '01:28:00', '2019-10-17'),
(522, '11', 'out', '01:29:00', '2019-10-17'),
(523, '12', 'in', '01:32:00', '2019-10-17'),
(524, '13', 'out', '01:32:00', '2019-10-17'),
(525, '11', 'in', '01:33:00', '2019-10-17'),
(526, '10', 'out', '01:33:00', '2019-10-17'),
(527, '11', 'out', '01:34:00', '2019-10-17'),
(528, '13', 'in', '01:34:00', '2019-10-17'),
(529, '12', 'out', '01:34:00', '2019-10-17'),
(530, '10', 'in', '01:34:00', '2019-10-17'),
(531, '13', 'out', '01:34:00', '2019-10-17'),
(532, '12', 'in', '01:35:00', '2019-10-17'),
(533, '13', 'in', '01:35:00', '2019-10-17'),
(534, '11', 'in', '04:42:00', '2019-10-17'),
(535, '10', 'out', '04:44:00', '2019-10-17'),
(536, '13', 'out', '04:44:00', '2019-10-17'),
(537, '11', 'in', '00:59:00', '2019-10-18'),
(538, '12', 'in', '01:00:00', '2019-10-18'),
(539, '13', 'in', '01:00:00', '2019-10-18'),
(540, '10', 'in', '01:00:00', '2019-10-18'),
(541, '10', 'out', '01:01:00', '2019-10-18'),
(542, '11', 'out', '01:01:00', '2019-10-18'),
(543, '12', 'out', '01:01:00', '2019-10-18'),
(544, '13', 'out', '01:01:00', '2019-10-18'),
(545, '11', 'in', '13:35:00', '2019-10-21'),
(546, '12', 'in', '13:36:00', '2019-10-21'),
(547, '13', 'in', '13:36:00', '2019-10-21'),
(548, '10', 'in', '13:36:00', '2019-10-21'),
(549, '11', 'out', '13:45:00', '2019-10-21'),
(550, '12', 'out', '13:45:00', '2019-10-21'),
(551, '13', 'out', '13:45:00', '2019-10-21'),
(552, '10', 'out', '13:46:00', '2019-10-21'),
(553, '11', 'in', '13:49:00', '2019-10-21'),
(554, '12', 'in', '13:51:00', '2019-10-21'),
(555, '13', 'in', '13:51:00', '2019-10-21'),
(556, '10', 'in', '13:51:00', '2019-10-21'),
(557, '11', 'out', '14:23:00', '2019-10-21'),
(558, '12', 'out', '14:23:00', '2019-10-21'),
(559, '13', 'out', '14:24:00', '2019-10-21'),
(560, '10', 'out', '14:24:00', '2019-10-21'),
(561, '11', 'in', '14:31:00', '2019-10-21'),
(562, '12', 'in', '14:31:00', '2019-10-21'),
(563, '13', 'in', '14:31:00', '2019-10-21'),
(564, '10', 'in', '14:32:00', '2019-10-21'),
(565, '12', 'out', '16:39:00', '2019-10-21'),
(566, '13', 'out', '16:39:00', '2019-10-21'),
(567, '11', 'out', '16:40:00', '2019-10-21'),
(568, '10', 'out', '16:40:00', '2019-10-21'),
(569, '10', 'in', '10:49:00', '2019-10-22'),
(570, '11', 'in', '10:50:00', '2019-10-22'),
(571, '13', 'in', '10:52:00', '2019-10-22'),
(572, '12', 'in', '10:53:00', '2019-10-22'),
(573, '13', 'out', '10:54:00', '2019-10-22'),
(574, '11', 'out', '10:54:00', '2019-10-22'),
(575, '10', 'out', '10:55:00', '2019-10-22'),
(576, '12', 'out', '10:55:00', '2019-10-22'),
(577, '11', 'in', '10:56:00', '2019-10-22'),
(578, '13', 'in', '10:56:00', '2019-10-22'),
(579, '12', 'in', '10:57:00', '2019-10-22'),
(580, '11', 'out', '11:04:00', '2019-10-22'),
(581, '10', 'in', '14:54:00', '2019-10-22'),
(582, '12', 'out', '14:55:00', '2019-10-22'),
(583, '11', 'in', '14:56:00', '2019-10-22'),
(584, '13', 'out', '14:56:00', '2019-10-22'),
(585, '10', 'out', '14:57:00', '2019-10-22'),
(586, '12', 'in', '14:58:00', '2019-10-22'),
(587, '13', 'in', '14:59:00', '2019-10-22'),
(588, '11', 'out', '14:59:00', '2019-10-22'),
(589, '10', 'in', '14:59:00', '2019-10-22'),
(590, '12', 'in', '14:34:00', '2019-10-29'),
(591, '12', 'out', '14:38:00', '2019-10-29'),
(592, '12', 'in', '14:40:00', '2019-10-29'),
(593, '13', 'in', '14:41:00', '2019-10-29'),
(594, '11', 'in', '14:41:00', '2019-10-29'),
(595, '10', 'in', '14:41:00', '2019-10-29'),
(596, '12', 'out', '14:43:00', '2019-10-29'),
(597, '13', 'out', '14:44:00', '2019-10-29'),
(598, '11', 'out', '14:44:00', '2019-10-29'),
(599, '10', 'out', '14:44:00', '2019-10-29'),
(600, '10', 'in', '14:44:00', '2019-10-29'),
(601, '12', 'in', '14:44:00', '2019-10-29'),
(602, '13', 'in', '14:44:00', '2019-10-29'),
(603, '11', 'in', '14:44:00', '2019-10-29'),
(604, '11', 'out', '14:47:00', '2019-10-29'),
(605, '10', 'out', '16:29:00', '2019-10-29'),
(606, '12', 'out', '16:32:00', '2019-10-29'),
(607, '12', 'in', '16:33:00', '2019-10-29'),
(608, '12', 'out', '16:34:00', '2019-10-29'),
(609, '12', 'in', '16:35:00', '2019-10-29'),
(610, '12', 'out', '16:37:00', '2019-10-29'),
(611, '12', 'in', '16:38:00', '2019-10-29'),
(612, '12', 'out', '16:40:00', '2019-10-29'),
(613, '12', 'in', '16:40:00', '2019-10-29'),
(614, '12', 'out', '16:41:00', '2019-10-29'),
(615, '11', 'in', '16:41:00', '2019-10-29'),
(616, '12', 'in', '16:46:00', '2019-10-29'),
(617, '11', 'out', '16:47:00', '2019-10-29'),
(618, '12', 'out', '16:47:00', '2019-10-29'),
(619, '11', 'in', '16:47:00', '2019-10-29'),
(620, '11', 'out', '16:50:00', '2019-10-29'),
(621, '11', 'in', '16:51:00', '2019-10-29'),
(622, '11', 'out', '16:52:00', '2019-10-29'),
(623, '12', 'in', '16:53:00', '2019-10-29'),
(624, '12', 'out', '16:54:00', '2019-10-29'),
(625, '11', 'in', '16:54:00', '2019-10-29'),
(626, '13', 'out', '16:54:00', '2019-10-29'),
(627, '10', 'in', '16:54:00', '2019-10-29'),
(628, '10', 'out', '16:55:00', '2019-10-29'),
(629, '13', 'in', '16:55:00', '2019-10-29'),
(630, '11', 'out', '16:55:00', '2019-10-29'),
(631, '12', 'in', '16:55:00', '2019-10-29'),
(632, '12', 'out', '16:57:00', '2019-10-29'),
(633, '12', 'in', '16:57:00', '2019-10-29'),
(634, '12', 'out', '16:59:00', '2019-10-29'),
(635, '11', 'in', '16:59:00', '2019-10-29'),
(636, '13', 'out', '16:59:00', '2019-10-29'),
(637, '10', 'in', '16:59:00', '2019-10-29'),
(638, '12', 'in', '17:03:00', '2019-10-29'),
(639, '11', 'out', '17:03:00', '2019-10-29'),
(640, '13', 'in', '17:03:00', '2019-10-29'),
(641, '10', 'out', '17:03:00', '2019-10-29'),
(642, '10', 'in', '17:05:00', '2019-10-29'),
(643, '13', 'out', '17:05:00', '2019-10-29'),
(644, '11', 'in', '17:05:00', '2019-10-29'),
(645, '12', 'out', '17:05:00', '2019-10-29'),
(646, '11', 'out', '17:07:00', '2019-10-29'),
(647, '12', 'in', '17:07:00', '2019-10-29'),
(648, '10', 'out', '17:07:00', '2019-10-29'),
(649, '13', 'in', '17:07:00', '2019-10-29'),
(650, '13', 'out', '17:10:00', '2019-10-29'),
(651, '10', 'in', '17:10:00', '2019-10-29'),
(652, '12', 'out', '17:11:00', '2019-10-29'),
(653, '11', 'in', '17:11:00', '2019-10-29'),
(654, '11', 'out', '17:20:00', '2019-10-29'),
(655, '11', 'in', '17:20:00', '2019-10-29'),
(656, '11', 'out', '17:21:00', '2019-10-29'),
(657, '11', 'in', '17:22:00', '2019-10-29'),
(658, '11', 'out', '17:22:00', '2019-10-29'),
(659, '11', 'in', '17:25:00', '2019-10-29'),
(660, '11', 'out', '17:25:00', '2019-10-29'),
(661, '10', 'out', '17:26:00', '2019-10-29'),
(662, '10', 'in', '17:27:00', '2019-10-29'),
(663, '10', 'out', '17:28:00', '2019-10-29'),
(664, '13', 'in', '17:28:00', '2019-10-29'),
(665, '10', 'in', '17:32:00', '2019-10-29'),
(666, '12', 'in', '18:00:00', '2019-10-29'),
(667, '13', 'out', '18:00:00', '2019-10-29'),
(668, '10', 'out', '18:00:00', '2019-10-29'),
(669, '11', 'in', '18:00:00', '2019-10-29'),
(670, '13', 'in', '18:01:00', '2019-10-29'),
(671, '11', 'out', '18:03:00', '2019-10-29'),
(672, '11', 'in', '18:04:00', '2019-10-29'),
(673, '10', 'in', '18:04:00', '2019-10-29'),
(674, '13', 'out', '18:05:00', '2019-10-29'),
(675, '11', 'out', '18:05:00', '2019-10-29'),
(676, '10', 'out', '18:05:00', '2019-10-29'),
(677, '12', 'out', '18:05:00', '2019-10-29'),
(678, '13', 'in', '18:06:00', '2019-10-29'),
(679, '13', 'out', '18:09:00', '2019-10-29'),
(680, '12', 'in', '18:09:00', '2019-10-29'),
(681, '11', 'in', '18:09:00', '2019-10-29'),
(682, '10', 'in', '18:09:00', '2019-10-29'),
(683, '10', 'out', '18:10:00', '2019-10-29'),
(684, '11', 'out', '18:10:00', '2019-10-29'),
(685, '12', 'out', '18:10:00', '2019-10-29'),
(686, '13', 'in', '18:10:00', '2019-10-29'),
(687, '11', 'in', '19:25:00', '2019-11-01'),
(688, '11', 'out', '19:32:00', '2019-11-01'),
(689, '12', 'in', '19:33:00', '2019-11-01'),
(690, '13', 'in', '19:37:00', '2019-11-01'),
(691, '11', 'in', '19:37:00', '2019-11-01'),
(692, '12', 'out', '19:37:00', '2019-11-01'),
(693, '10', 'in', '19:37:00', '2019-11-01'),
(694, '11', 'out', '19:48:00', '2019-11-01'),
(695, '11', 'in', '19:50:00', '2019-11-01'),
(696, '11', 'out', '19:56:00', '2019-11-01'),
(697, '13', 'out', '19:57:00', '2019-11-01'),
(698, '10', 'out', '19:59:00', '2019-11-01'),
(699, '13', 'in', '19:59:00', '2019-11-01'),
(700, '10', 'in', '20:00:00', '2019-11-01'),
(701, '12', 'in', '20:00:00', '2019-11-01'),
(702, '12', 'out', '20:02:00', '2019-11-01'),
(703, '11', 'in', '20:03:00', '2019-11-01'),
(704, '11', 'out', '20:04:00', '2019-11-01'),
(705, '10', 'out', '20:05:00', '2019-11-01'),
(706, '10', 'in', '20:05:00', '2019-11-01'),
(707, '10', 'out', '20:06:00', '2019-11-01'),
(708, '12', 'in', '20:07:00', '2019-11-01'),
(709, '13', 'out', '20:07:00', '2019-11-01'),
(710, '13', 'in', '20:08:00', '2019-11-01'),
(711, '13', 'out', '20:09:00', '2019-11-01'),
(712, '11', 'in', '20:10:00', '2019-11-01'),
(713, '10', 'in', '20:11:00', '2019-11-01'),
(714, '11', 'out', '20:11:00', '2019-11-01'),
(715, '12', 'out', '20:17:00', '2019-11-01'),
(716, '10', 'out', '20:18:00', '2019-11-01'),
(717, '11', 'in', '20:20:00', '2019-11-01'),
(718, '10', 'in', '20:21:00', '2019-11-01'),
(719, '13', 'in', '20:22:00', '2019-11-01'),
(720, '12', 'in', '20:23:00', '2019-11-01'),
(721, '12', 'out', '20:23:00', '2019-11-01'),
(722, '12', 'in', '20:24:00', '2019-11-01'),
(723, '12', 'out', '20:25:00', '2019-11-01'),
(724, '10', 'out', '20:26:00', '2019-11-01'),
(725, '12', 'in', '20:26:00', '2019-11-01'),
(726, '12', 'out', '20:27:00', '2019-11-01'),
(727, '11', 'out', '20:28:00', '2019-11-01'),
(728, '13', 'out', '20:28:00', '2019-11-01'),
(729, '11', 'in', '20:28:00', '2019-11-01'),
(730, '10', 'in', '20:28:00', '2019-11-01'),
(731, '11', 'out', '20:29:00', '2019-11-01'),
(732, '11', 'in', '20:34:00', '2019-11-01'),
(733, '12', 'in', '20:34:00', '2019-11-01'),
(734, '13', 'in', '20:35:00', '2019-11-01'),
(735, '12', 'out', '20:37:00', '2019-11-01'),
(736, '12', 'in', '20:44:00', '2019-11-01'),
(737, '12', 'out', '20:46:00', '2019-11-01'),
(738, '13', 'out', '20:47:00', '2019-11-01'),
(739, '10', 'out', '20:48:00', '2019-11-01'),
(740, '12', 'in', '20:49:00', '2019-11-01'),
(741, '12', 'out', '20:49:00', '2019-11-01'),
(742, '12', 'in', '20:49:00', '2019-11-01'),
(743, '10', 'in', '20:52:00', '2019-11-01'),
(744, '11', 'out', '20:54:00', '2019-11-01'),
(745, '12', 'out', '20:57:00', '2019-11-01'),
(746, '11', 'in', '20:57:00', '2019-11-01'),
(747, '12', 'in', '20:58:00', '2019-11-01'),
(748, '10', 'out', '21:38:00', '2019-11-01'),
(749, '11', 'out', '22:05:00', '2019-11-01'),
(750, '13', 'in', '22:28:00', '2019-11-01'),
(751, '11', 'in', '22:45:00', '2019-11-01'),
(752, '13', 'out', '22:48:00', '2019-11-01'),
(753, '12', 'out', '22:52:00', '2019-11-01'),
(754, '10', 'in', '22:55:00', '2019-11-01'),
(755, '12', 'in', '22:57:00', '2019-11-01'),
(756, '11', 'out', '22:58:00', '2019-11-01'),
(757, '11', 'in', '23:02:00', '2019-11-01'),
(758, '13', 'in', '23:04:00', '2019-11-01'),
(759, '10', 'out', '23:04:00', '2019-11-01'),
(760, '12', 'out', '23:05:00', '2019-11-01'),
(761, '13', 'out', '23:09:00', '2019-11-01'),
(762, '12', 'in', '23:14:00', '2019-11-01'),
(763, '11', 'out', '23:14:00', '2019-11-01'),
(764, '13', 'in', '23:59:00', '2019-11-01'),
(765, '12', 'in', '02:03:00', '2019-11-08'),
(766, '13', 'in', '02:04:00', '2019-11-08'),
(767, '12', 'out', '02:04:00', '2019-11-08'),
(768, '12', 'in', '02:06:00', '2019-11-08'),
(769, '10', 'in', '04:37:00', '2019-11-08'),
(770, '11', 'in', '05:44:00', '2019-11-08'),
(771, '11', 'out', '05:45:00', '2019-11-08'),
(772, '11', 'in', '05:45:00', '2019-11-08'),
(773, '12', 'out', '05:45:00', '2019-11-08'),
(774, '10', 'out', '05:45:00', '2019-11-08'),
(775, '11', 'out', '05:58:00', '2019-11-08'),
(776, '11', 'in', '05:59:00', '2019-11-08'),
(777, '12', 'in', '05:59:00', '2019-11-08'),
(778, '10', 'in', '05:59:00', '2019-11-08'),
(779, '13', 'out', '05:59:00', '2019-11-08'),
(780, '13', 'in', '06:01:00', '2019-11-08'),
(781, '11', 'out', '06:01:00', '2019-11-08'),
(782, '12', 'out', '06:01:00', '2019-11-08'),
(783, '10', 'out', '06:01:00', '2019-11-08'),
(784, '12', 'in', '06:11:00', '2019-11-08'),
(785, '13', 'out', '06:12:00', '2019-11-08'),
(786, '11', 'in', '06:14:00', '2019-11-08'),
(787, '11', 'out', '06:15:00', '2019-11-08'),
(788, '11', 'in', '06:16:00', '2019-11-08'),
(789, '11', 'out', '06:17:00', '2019-11-08'),
(790, '11', 'in', '06:28:00', '2019-11-08'),
(791, '11', 'out', '06:31:00', '2019-11-08'),
(792, '12', 'out', '06:31:00', '2019-11-08'),
(793, '13', 'in', '06:31:00', '2019-11-08'),
(794, '10', 'in', '06:31:00', '2019-11-08'),
(795, '11', 'in', '06:36:00', '2019-11-08'),
(796, '12', 'in', '06:36:00', '2019-11-08'),
(797, '13', 'out', '06:36:00', '2019-11-08'),
(798, '10', 'out', '06:36:00', '2019-11-08'),
(799, '11', 'out', '06:36:00', '2019-11-08'),
(800, '12', 'out', '06:36:00', '2019-11-08'),
(801, '13', 'in', '06:36:00', '2019-11-08'),
(802, '10', 'in', '06:36:00', '2019-11-08'),
(803, '10', 'out', '06:47:00', '2019-11-08'),
(804, '13', 'out', '06:47:00', '2019-11-08'),
(805, '12', 'in', '06:47:00', '2019-11-08'),
(806, '11', 'in', '06:47:00', '2019-11-08'),
(807, '11', 'out', '06:47:00', '2019-11-08'),
(808, '12', 'out', '06:48:00', '2019-11-08'),
(809, '13', 'in', '06:48:00', '2019-11-08'),
(810, '10', 'in', '06:48:00', '2019-11-08'),
(811, '11', 'in', '06:48:00', '2019-11-08'),
(812, '12', 'in', '06:49:00', '2019-11-08'),
(813, '13', 'out', '06:49:00', '2019-11-08'),
(814, '10', 'out', '06:49:00', '2019-11-08'),
(815, '10', 'in', '06:50:00', '2019-11-08'),
(816, '13', 'in', '06:50:00', '2019-11-08'),
(817, '12', 'out', '06:51:00', '2019-11-08'),
(818, '11', 'out', '06:51:00', '2019-11-08'),
(819, '12', 'in', '06:51:00', '2019-11-08'),
(820, '12', 'out', '06:55:00', '2019-11-08'),
(821, '12', 'in', '06:55:00', '2019-11-08'),
(822, '12', 'out', '07:04:00', '2019-11-08'),
(823, '13', 'out', '07:05:00', '2019-11-08'),
(824, '13', 'in', '07:05:00', '2019-11-08'),
(825, '12', 'in', '07:06:00', '2019-11-08'),
(826, '11', 'in', '07:07:00', '2019-11-08'),
(827, '11', 'out', '07:09:00', '2019-11-08'),
(828, '12', 'out', '07:10:00', '2019-11-08'),
(829, '13', 'out', '07:10:00', '2019-11-08'),
(830, '12', 'in', '07:11:00', '2019-11-08'),
(831, '13', 'in', '07:12:00', '2019-11-08'),
(832, '11', 'in', '07:13:00', '2019-11-08'),
(833, '10', 'out', '07:14:00', '2019-11-08'),
(834, '13', 'out', '07:16:00', '2019-11-08'),
(835, '11', 'out', '07:16:00', '2019-11-08'),
(836, '13', 'in', '07:16:00', '2019-11-08'),
(837, '10', 'in', '07:17:00', '2019-11-08'),
(838, '10', 'out', '07:17:00', '2019-11-08'),
(839, '11', 'in', '07:18:00', '2019-11-08'),
(840, '11', 'out', '07:19:00', '2019-11-08'),
(841, '11', 'in', '07:20:00', '2019-11-08'),
(842, '10', 'in', '07:20:00', '2019-11-08'),
(843, '12', 'out', '07:20:00', '2019-11-08'),
(844, '13', 'out', '07:21:00', '2019-11-08'),
(845, '12', 'in', '07:22:00', '2019-11-08'),
(846, '13', 'in', '07:22:00', '2019-11-08'),
(847, '13', 'out', '07:22:00', '2019-11-08'),
(848, '12', 'out', '07:24:00', '2019-11-08'),
(849, '13', 'in', '07:24:00', '2019-11-08'),
(850, '13', 'out', '07:25:00', '2019-11-08'),
(851, '12', 'in', '07:25:00', '2019-11-08'),
(852, '13', 'in', '07:25:00', '2019-11-08'),
(853, '12', 'out', '07:25:00', '2019-11-08'),
(854, '10', 'out', '07:26:00', '2019-11-08'),
(855, '13', 'out', '07:27:00', '2019-11-08'),
(856, '11', 'out', '07:27:00', '2019-11-08'),
(857, '12', 'in', '07:29:00', '2019-11-08'),
(858, '11', 'in', '07:29:00', '2019-11-08'),
(859, '10', 'in', '07:30:00', '2019-11-08'),
(860, '11', 'out', '07:30:00', '2019-11-08'),
(861, '11', 'in', '07:34:00', '2019-11-08'),
(862, '12', 'out', '07:34:00', '2019-11-08'),
(863, '10', 'out', '07:34:00', '2019-11-08'),
(864, '12', 'in', '18:06:00', '2019-11-08'),
(865, '12', 'out', '18:07:00', '2019-11-08'),
(866, '10', 'in', '18:07:00', '2019-11-08'),
(867, '12', 'in', '18:07:00', '2019-11-08'),
(868, '13', 'in', '18:08:00', '2019-11-08'),
(869, '11', 'out', '18:09:00', '2019-11-08'),
(870, '13', 'out', '18:11:00', '2019-11-08'),
(871, '12', 'out', '18:14:00', '2019-11-08'),
(872, '12', 'in', '18:14:00', '2019-11-08'),
(873, '10', 'out', '18:16:00', '2019-11-08'),
(874, '11', 'in', '18:19:00', '2019-11-08'),
(875, '10', 'in', '18:19:00', '2019-11-08'),
(876, '12', 'out', '18:19:00', '2019-11-08'),
(877, '13', 'in', '18:19:00', '2019-11-08'),
(878, '11', 'out', '18:20:00', '2019-11-08'),
(879, '10', 'out', '18:20:00', '2019-11-08'),
(880, '12', 'in', '18:20:00', '2019-11-08'),
(881, '13', 'out', '18:21:00', '2019-11-08'),
(882, '11', 'in', '18:21:00', '2019-11-08'),
(883, '10', 'in', '18:21:00', '2019-11-08'),
(884, '12', 'out', '18:21:00', '2019-11-08'),
(885, '13', 'in', '18:21:00', '2019-11-08'),
(886, '11', 'in', '16:20:00', '2019-11-11'),
(887, '11', 'in', '02:43:00', '2019-11-12'),
(888, '13', 'in', '02:45:00', '2019-11-12'),
(889, '11', 'out', '02:45:00', '2019-11-12'),
(890, '12', 'in', '02:45:00', '2019-11-12'),
(891, '10', 'in', '02:45:00', '2019-11-12'),
(892, '13', 'out', '03:55:00', '2019-11-12'),
(893, '12', 'out', '03:58:00', '2019-11-12'),
(894, '13', 'in', '03:59:00', '2019-11-12'),
(895, '13', 'out', '04:14:00', '2019-11-12'),
(896, '11', 'in', '04:30:00', '2019-11-12'),
(897, '13', 'in', '04:30:00', '2019-11-12'),
(898, '11', 'out', '04:43:00', '2019-11-12'),
(899, '12', 'in', '04:44:00', '2019-11-12'),
(900, '10', 'out', '04:45:00', '2019-11-12'),
(901, '13', 'out', '04:45:00', '2019-11-12'),
(902, '11', 'in', '04:45:00', '2019-11-12'),
(903, '13', 'in', '04:45:00', '2019-11-12'),
(904, '11', 'out', '04:45:00', '2019-11-12'),
(905, '11', 'in', '04:47:00', '2019-11-12'),
(906, '10', 'in', '04:51:00', '2019-11-12'),
(907, '11', 'out', '04:51:00', '2019-11-12'),
(908, '10', 'out', '04:51:00', '2019-11-12'),
(909, '12', 'out', '04:52:00', '2019-11-12'),
(910, '13', 'out', '04:52:00', '2019-11-12'),
(911, '11', 'in', '04:53:00', '2019-11-12'),
(912, '11', 'out', '04:53:00', '2019-11-12'),
(913, '13', 'in', '04:53:00', '2019-11-12'),
(914, '13', 'out', '04:57:00', '2019-11-12'),
(915, '11', 'in', '04:57:00', '2019-11-12'),
(916, '13', 'in', '04:57:00', '2019-11-12'),
(917, '13', 'out', '04:58:00', '2019-11-12'),
(918, '12', 'in', '04:58:00', '2019-11-12'),
(919, '13', 'in', '04:59:00', '2019-11-12'),
(920, '12', 'out', '04:59:00', '2019-11-12'),
(921, '10', 'in', '05:02:00', '2019-11-12'),
(922, '12', 'in', '05:02:00', '2019-11-12'),
(923, '13', 'out', '05:02:00', '2019-11-12'),
(924, '10', 'out', '05:08:00', '2019-11-12'),
(925, '13', 'in', '05:08:00', '2019-11-12'),
(926, '11', 'out', '05:08:00', '2019-11-12'),
(927, '10', 'in', '05:09:00', '2019-11-12'),
(928, '13', 'out', '05:09:00', '2019-11-12'),
(929, '12', 'out', '05:09:00', '2019-11-12'),
(930, '11', 'in', '05:09:00', '2019-11-12'),
(931, '12', 'in', '05:17:00', '2019-11-12'),
(932, '13', 'in', '05:17:00', '2019-11-12'),
(933, '10', 'out', '05:17:00', '2019-11-12'),
(934, '11', 'out', '05:17:00', '2019-11-12'),
(935, '13', 'out', '05:17:00', '2019-11-12'),
(936, '10', 'in', '05:17:00', '2019-11-12'),
(937, '12', 'out', '05:17:00', '2019-11-12'),
(938, '11', 'in', '05:17:00', '2019-11-12'),
(939, '13', 'in', '05:20:00', '2019-11-12'),
(940, '10', 'out', '05:20:00', '2019-11-12'),
(941, '10', 'in', '05:28:00', '2019-11-12'),
(942, '13', 'out', '05:29:00', '2019-11-12'),
(943, '11', 'out', '05:30:00', '2019-11-12'),
(944, '11', 'in', '05:31:00', '2019-11-12'),
(945, '13', 'in', '05:32:00', '2019-11-12'),
(946, '12', 'in', '05:33:00', '2019-11-12'),
(947, '10', 'out', '05:34:00', '2019-11-12'),
(948, '11', 'out', '05:34:00', '2019-11-12'),
(949, '12', 'out', '05:35:00', '2019-11-12'),
(950, '11', 'in', '05:35:00', '2019-11-12'),
(951, '13', 'out', '05:36:00', '2019-11-12'),
(952, '12', 'in', '05:36:00', '2019-11-12'),
(953, '10', 'in', '05:36:00', '2019-11-12'),
(954, '11', 'out', '05:36:00', '2019-11-12'),
(955, '10', 'out', '05:37:00', '2019-11-12'),
(956, '10', 'in', '05:38:00', '2019-11-12'),
(957, '13', 'in', '07:09:00', '2019-11-12'),
(958, '10', 'out', '07:09:00', '2019-11-12'),
(959, '10', 'in', '07:10:00', '2019-11-12'),
(960, '11', 'in', '07:10:00', '2019-11-12'),
(961, '12', 'out', '07:10:00', '2019-11-12'),
(962, '13', 'out', '07:11:00', '2019-11-12'),
(963, '10', 'out', '07:11:00', '2019-11-12'),
(964, '11', 'out', '07:11:00', '2019-11-12'),
(965, '12', 'in', '07:11:00', '2019-11-12'),
(966, '13', 'in', '07:13:00', '2019-11-12'),
(967, '10', 'in', '07:13:00', '2019-11-12'),
(968, '11', 'in', '07:13:00', '2019-11-12'),
(969, '12', 'out', '07:13:00', '2019-11-12'),
(970, '12', 'in', '07:14:00', '2019-11-12'),
(971, '11', 'out', '07:15:00', '2019-11-12'),
(972, '10', 'out', '07:15:00', '2019-11-12'),
(973, '13', 'out', '07:15:00', '2019-11-12'),
(974, '12', 'out', '07:15:00', '2019-11-12'),
(975, '11', 'in', '07:16:00', '2019-11-12'),
(976, '10', 'in', '07:16:00', '2019-11-12'),
(977, '13', 'in', '07:16:00', '2019-11-12'),
(978, '12', 'in', '07:21:00', '2019-11-12'),
(979, '11', 'out', '07:21:00', '2019-11-12'),
(980, '10', 'out', '07:21:00', '2019-11-12'),
(981, '13', 'out', '07:21:00', '2019-11-12'),
(982, '12', 'out', '07:23:00', '2019-11-12'),
(983, '11', 'in', '07:23:00', '2019-11-12'),
(984, '10', 'in', '07:23:00', '2019-11-12'),
(985, '13', 'in', '07:23:00', '2019-11-12'),
(986, '12', 'in', '07:24:00', '2019-11-12'),
(987, '11', 'out', '07:24:00', '2019-11-12'),
(988, '10', 'out', '07:24:00', '2019-11-12'),
(989, '13', 'out', '07:24:00', '2019-11-12'),
(990, '13', 'in', '07:28:00', '2019-11-12'),
(991, '10', 'in', '07:28:00', '2019-11-12'),
(992, '11', 'in', '07:28:00', '2019-11-12'),
(993, '13', 'out', '07:29:00', '2019-11-12'),
(994, '10', 'out', '07:29:00', '2019-11-12'),
(995, '11', 'out', '07:29:00', '2019-11-12'),
(996, '12', 'out', '07:30:00', '2019-11-12'),
(997, '12', 'in', '07:33:00', '2019-11-12'),
(998, '11', 'in', '07:34:00', '2019-11-12'),
(999, '10', 'in', '07:36:00', '2019-11-12'),
(1000, '12', 'out', '07:39:00', '2019-11-12'),
(1001, '13', 'in', '07:46:00', '2019-11-12'),
(1002, '11', 'out', '07:46:00', '2019-11-12'),
(1003, '12', 'in', '07:46:00', '2019-11-12'),
(1004, '10', 'out', '07:46:00', '2019-11-12'),
(1005, '13', 'out', '07:46:00', '2019-11-12'),
(1006, '11', 'in', '07:46:00', '2019-11-12'),
(1007, '12', 'out', '07:47:00', '2019-11-12'),
(1008, '10', 'in', '07:47:00', '2019-11-12'),
(1009, '13', 'in', '07:48:00', '2019-11-12'),
(1010, '11', 'out', '07:48:00', '2019-11-12'),
(1011, '12', 'in', '07:48:00', '2019-11-12'),
(1012, '10', 'out', '07:48:00', '2019-11-12'),
(1013, '13', 'out', '08:00:00', '2019-11-12'),
(1014, '11', 'in', '08:01:00', '2019-11-12'),
(1015, '12', 'out', '08:02:00', '2019-11-12'),
(1016, '13', 'in', '08:05:00', '2019-11-12'),
(1017, '11', 'out', '08:05:00', '2019-11-12'),
(1018, '13', 'out', '08:06:00', '2019-11-12'),
(1019, '11', 'in', '08:06:00', '2019-11-12'),
(1020, '10', 'in', '08:06:00', '2019-11-12'),
(1021, '12', 'in', '08:06:00', '2019-11-12'),
(1022, '12', 'out', '08:09:00', '2019-11-12'),
(1023, '10', 'out', '08:09:00', '2019-11-12'),
(1024, '11', 'out', '08:09:00', '2019-11-12'),
(1025, '13', 'in', '08:09:00', '2019-11-12'),
(1026, '13', 'out', '08:13:00', '2019-11-12'),
(1027, '11', 'in', '08:13:00', '2019-11-12'),
(1028, '10', 'in', '08:13:00', '2019-11-12'),
(1029, '12', 'in', '08:13:00', '2019-11-12'),
(1030, '12', 'out', '08:18:00', '2019-11-12'),
(1031, '10', 'out', '08:18:00', '2019-11-12'),
(1032, '11', 'out', '08:18:00', '2019-11-12'),
(1033, '13', 'in', '08:18:00', '2019-11-12'),
(1034, '13', 'out', '08:20:00', '2019-11-12'),
(1035, '11', 'in', '08:20:00', '2019-11-12'),
(1036, '10', 'in', '08:20:00', '2019-11-12'),
(1037, '12', 'in', '08:20:00', '2019-11-12'),
(1038, '12', 'out', '08:46:00', '2019-11-12'),
(1039, '10', 'out', '08:46:00', '2019-11-12'),
(1040, '11', 'out', '08:46:00', '2019-11-12'),
(1041, '13', 'in', '08:46:00', '2019-11-12'),
(1042, '13', 'out', '08:49:00', '2019-11-12'),
(1043, '13', 'in', '08:49:00', '2019-11-12'),
(1044, '10', 'in', '08:49:00', '2019-11-12'),
(1045, '10', 'out', '08:50:00', '2019-11-12'),
(1046, '13', 'out', '08:50:00', '2019-11-12'),
(1047, '12', 'in', '08:50:00', '2019-11-12'),
(1048, '11', 'in', '08:50:00', '2019-11-12'),
(1049, '11', 'out', '08:51:00', '2019-11-12'),
(1050, '12', 'out', '08:51:00', '2019-11-12'),
(1051, '13', 'in', '08:51:00', '2019-11-12'),
(1052, '10', 'in', '08:51:00', '2019-11-12'),
(1053, '12', 'in', '08:52:00', '2019-11-12'),
(1054, '13', 'out', '08:52:00', '2019-11-12'),
(1055, '10', 'out', '08:52:00', '2019-11-12'),
(1056, '11', 'in', '08:53:00', '2019-11-12'),
(1057, '12', 'out', '08:53:00', '2019-11-12'),
(1058, '13', 'in', '08:53:00', '2019-11-12'),
(1059, '10', 'in', '08:53:00', '2019-11-12'),
(1060, '11', 'out', '08:53:00', '2019-11-12'),
(1061, '12', 'in', '08:54:00', '2019-11-12'),
(1062, '13', 'out', '08:54:00', '2019-11-12'),
(1063, '10', 'out', '08:54:00', '2019-11-12'),
(1064, '11', 'in', '08:54:00', '2019-11-12'),
(1065, '12', 'out', '08:56:00', '2019-11-12'),
(1066, '13', 'in', '08:56:00', '2019-11-12'),
(1067, '10', 'in', '08:56:00', '2019-11-12'),
(1068, '11', 'out', '08:56:00', '2019-11-12'),
(1069, '11', 'in', '09:00:00', '2019-11-12'),
(1070, '11', 'in', '10:58:00', '2019-11-13'),
(1071, '10', 'in', '10:58:00', '2019-11-13'),
(1072, '13', 'in', '10:58:00', '2019-11-13'),
(1073, '12', 'in', '10:58:00', '2019-11-13'),
(1074, '11', 'out', '10:59:00', '2019-11-13'),
(1075, '10', 'out', '10:59:00', '2019-11-13'),
(1076, '13', 'out', '10:59:00', '2019-11-13'),
(1077, '12', 'out', '10:59:00', '2019-11-13'),
(1078, '11', 'in', '11:00:00', '2019-11-13'),
(1079, '10', 'in', '11:00:00', '2019-11-13'),
(1080, '13', 'in', '11:00:00', '2019-11-13'),
(1081, '12', 'in', '11:00:00', '2019-11-13'),
(1082, '12', 'out', '11:03:00', '2019-11-13'),
(1083, '13', 'out', '11:03:00', '2019-11-13'),
(1084, '10', 'out', '11:03:00', '2019-11-13'),
(1085, '11', 'out', '11:03:00', '2019-11-13'),
(1086, '12', 'in', '11:04:00', '2019-11-13'),
(1087, '13', 'in', '11:04:00', '2019-11-13'),
(1088, '10', 'in', '11:04:00', '2019-11-13'),
(1089, '11', 'in', '11:04:00', '2019-11-13'),
(1090, '12', 'out', '11:08:00', '2019-11-13'),
(1091, '13', 'out', '11:08:00', '2019-11-13'),
(1092, '10', 'out', '11:08:00', '2019-11-13'),
(1093, '11', 'out', '11:08:00', '2019-11-13'),
(1094, '11', 'in', '11:09:00', '2019-11-13'),
(1095, '10', 'in', '11:09:00', '2019-11-13'),
(1096, '12', 'in', '11:10:00', '2019-11-13'),
(1097, '12', 'out', '11:11:00', '2019-11-13'),
(1098, '13', 'in', '11:11:00', '2019-11-13'),
(1099, '12', 'in', '11:15:00', '2019-11-13'),
(1100, '13', 'out', '11:15:00', '2019-11-13'),
(1101, '11', 'out', '11:16:00', '2019-11-13'),
(1102, '10', 'out', '11:16:00', '2019-11-13'),
(1103, '12', 'out', '11:17:00', '2019-11-13'),
(1104, '12', 'in', '11:17:00', '2019-11-13'),
(1105, '12', 'out', '11:18:00', '2019-11-13'),
(1106, '12', 'in', '11:21:00', '2019-11-13'),
(1107, '13', 'in', '11:24:00', '2019-11-13'),
(1108, '12', 'out', '11:26:00', '2019-11-13'),
(1109, '12', 'in', '11:26:00', '2019-11-13'),
(1110, '12', 'out', '11:27:00', '2019-11-13'),
(1111, '12', 'in', '11:30:00', '2019-11-13'),
(1112, '12', 'out', '11:31:00', '2019-11-13'),
(1113, '12', 'in', '11:32:00', '2019-11-13'),
(1114, '12', 'out', '11:34:00', '2019-11-13'),
(1115, '11', 'in', '11:34:00', '2019-11-13'),
(1116, '11', 'out', '11:35:00', '2019-11-13'),
(1117, '11', 'in', '11:37:00', '2019-11-13'),
(1118, '11', 'out', '11:37:00', '2019-11-13'),
(1119, '13', 'out', '11:38:00', '2019-11-13'),
(1120, '10', 'in', '11:38:00', '2019-11-13'),
(1121, '13', 'in', '11:39:00', '2019-11-13'),
(1122, '13', 'out', '11:41:00', '2019-11-13'),
(1123, '13', 'in', '11:42:00', '2019-11-13'),
(1124, '13', 'out', '11:43:00', '2019-11-13'),
(1125, '13', 'in', '11:45:00', '2019-11-13'),
(1126, '13', 'out', '11:46:00', '2019-11-13'),
(1127, '13', 'in', '11:53:00', '2019-11-13'),
(1128, '12', 'in', '11:53:00', '2019-11-13'),
(1129, '12', 'out', '11:54:00', '2019-11-13'),
(1130, '11', 'in', '11:55:00', '2019-11-13'),
(1131, '11', 'out', '11:55:00', '2019-11-13'),
(1132, '10', 'out', '11:55:00', '2019-11-13'),
(1133, '13', 'out', '11:55:00', '2019-11-13'),
(1134, '12', 'in', '11:55:00', '2019-11-13'),
(1135, '11', 'in', '11:57:00', '2019-11-13'),
(1136, '10', 'in', '11:57:00', '2019-11-13'),
(1137, '13', 'in', '11:57:00', '2019-11-13'),
(1138, '12', 'out', '11:57:00', '2019-11-13'),
(1139, '12', 'in', '11:58:00', '2019-11-13'),
(1140, '13', 'out', '11:58:00', '2019-11-13'),
(1141, '10', 'out', '11:58:00', '2019-11-13'),
(1142, '11', 'out', '11:58:00', '2019-11-13'),
(1143, '12', 'out', '12:00:00', '2019-11-13'),
(1144, '13', 'in', '12:00:00', '2019-11-13'),
(1145, '10', 'in', '12:00:00', '2019-11-13'),
(1146, '11', 'in', '12:00:00', '2019-11-13'),
(1147, '11', 'out', '12:03:00', '2019-11-13'),
(1148, '10', 'out', '12:03:00', '2019-11-13'),
(1149, '10', 'in', '12:07:00', '2019-11-13'),
(1150, '13', 'out', '12:07:00', '2019-11-13'),
(1151, '12', 'in', '12:07:00', '2019-11-13'),
(1152, '11', 'in', '12:07:00', '2019-11-13'),
(1153, '11', 'out', '12:09:00', '2019-11-13'),
(1154, '12', 'out', '12:09:00', '2019-11-13'),
(1155, '13', 'in', '12:09:00', '2019-11-13'),
(1156, '10', 'out', '12:09:00', '2019-11-13'),
(1157, '11', 'in', '12:11:00', '2019-11-13'),
(1158, '12', 'in', '12:11:00', '2019-11-13'),
(1159, '13', 'out', '12:11:00', '2019-11-13');
INSERT INTO `timelog` (`id`, `grade_level_id`, `type`, `timeTap`, `dateTap`) VALUES
(1160, '10', 'in', '12:11:00', '2019-11-13'),
(1161, '10', 'out', '12:13:00', '2019-11-13'),
(1162, '13', 'in', '12:13:00', '2019-11-13'),
(1163, '12', 'out', '12:13:00', '2019-11-13'),
(1164, '11', 'out', '12:13:00', '2019-11-13'),
(1165, '11', 'in', '12:16:00', '2019-11-13'),
(1166, '12', 'in', '12:16:00', '2019-11-13'),
(1167, '13', 'out', '12:16:00', '2019-11-13'),
(1168, '10', 'in', '12:16:00', '2019-11-13'),
(1169, '10', 'out', '12:21:00', '2019-11-13'),
(1170, '13', 'in', '12:21:00', '2019-11-13'),
(1171, '12', 'out', '12:21:00', '2019-11-13'),
(1172, '11', 'out', '12:21:00', '2019-11-13'),
(1173, '10', 'in', '12:22:00', '2019-11-13'),
(1174, '13', 'out', '12:23:00', '2019-11-13'),
(1175, '12', 'in', '12:23:00', '2019-11-13'),
(1176, '11', 'in', '12:23:00', '2019-11-13'),
(1177, '10', 'out', '12:26:00', '2019-11-13'),
(1178, '13', 'in', '12:26:00', '2019-11-13'),
(1179, '12', 'out', '12:26:00', '2019-11-13'),
(1180, '11', 'out', '12:26:00', '2019-11-13'),
(1181, '11', 'in', '12:30:00', '2019-11-13'),
(1182, '12', 'in', '12:30:00', '2019-11-13'),
(1183, '13', 'out', '12:30:00', '2019-11-13'),
(1184, '10', 'in', '12:30:00', '2019-11-13'),
(1185, '11', 'in', '10:52:00', '2019-11-14'),
(1186, '10', 'in', '10:52:00', '2019-11-14'),
(1187, '13', 'in', '10:52:00', '2019-11-14'),
(1188, '12', 'in', '10:53:00', '2019-11-14'),
(1189, '11', 'out', '10:54:00', '2019-11-14'),
(1190, '10', 'out', '10:54:00', '2019-11-14'),
(1191, '13', 'out', '10:54:00', '2019-11-14'),
(1192, '12', 'out', '10:54:00', '2019-11-14'),
(1193, '11', 'in', '10:57:00', '2019-11-14'),
(1194, '10', 'in', '10:57:00', '2019-11-14'),
(1195, '13', 'in', '10:57:00', '2019-11-14'),
(1196, '12', 'in', '10:57:00', '2019-11-14'),
(1197, '11', 'out', '11:03:00', '2019-11-14'),
(1198, '10', 'out', '11:03:00', '2019-11-14'),
(1199, '13', 'out', '11:03:00', '2019-11-14'),
(1200, '12', 'out', '11:03:00', '2019-11-14'),
(1201, '12', 'in', '11:08:00', '2019-11-14'),
(1202, '13', 'in', '11:08:00', '2019-11-14'),
(1203, '10', 'in', '11:08:00', '2019-11-14'),
(1204, '11', 'in', '11:09:00', '2019-11-14'),
(1205, '11', 'out', '11:10:00', '2019-11-14'),
(1206, '10', 'out', '11:10:00', '2019-11-14'),
(1207, '13', 'out', '11:10:00', '2019-11-14'),
(1208, '12', 'out', '11:10:00', '2019-11-14'),
(1209, '48', 'in', '06:04:00', '2019-11-23'),
(1210, '48', 'out', '06:52:00', '2019-11-23'),
(1211, '48', 'in', '05:59:00', '2019-11-23'),
(1212, '48', 'out', '07:06:00', '2019-11-23'),
(1213, '50', 'in', '06:06:00', '2019-11-26'),
(1214, '50', 'in', '10:24:00', '2019-11-28'),
(1217, '72', 'in', '01:45:00', '2019-11-29'),
(1218, '72', 'out', '01:47:00', '2019-11-29'),
(1221, '72', 'in', '02:00:00', '2019-11-29'),
(1223, '72', 'out', '03:04:00', '2019-11-29'),
(1226, '72', 'in', '08:54:00', '2019-12-09'),
(1232, '72', 'in', '05:29:00', '2019-12-12');

-- --------------------------------------------------------

--
-- Table structure for table `users`
--

CREATE TABLE `users` (
  `id` int(11) NOT NULL,
  `username` varchar(100) NOT NULL,
  `password` text NOT NULL,
  `admin` int(11) NOT NULL DEFAULT 0,
  `added` varchar(100) NOT NULL
) ENGINE=InnoDB DEFAULT CHARSET=latin1;

--
-- Dumping data for table `users`
--

INSERT INTO `users` (`id`, `username`, `password`, `admin`, `added`) VALUES
(1, 'ricky', '$2y$12$KWEkh2xlYFDUdMnjPuZ4sOs8E.7vlcs4qaw98Q5C54QQRyuLKj7lS', 0, '2019-05-15 17:02:22'),
(2, 'xricky', '$2y$12$d2uz21kgkFrPJBFiPMbV2ewtM6oWo3WDwAuzBkG0U89xhKm5CXgOi', 1, '2019-05-15 17:03:50'),
(3, 'ricky12', '$2y$12$bI/mHPo.a86/JbnHtN9VN.7DkYW2MdQqczm3LmhnbbU47SCnhGBTC', 0, '2019-05-15 17:04:23'),
(5, 'root', '$2y$12$t29C87vqfQpPOpahfknuyuRNul.rYw.ywAdHANCxvU5X7Wpelvs.a', 0, '2019-12-13 08:40:31');

--
-- Indexes for dumped tables
--

--
-- Indexes for table `grade_level`
--
ALTER TABLE `grade_level`
  ADD PRIMARY KEY (`id`),
  ADD KEY `gradeLevel_identifierTag` (`identifierTag`(3072)),
  ADD KEY `gradeLevel_id` (`id`);

--
-- Indexes for table `settings_course`
--
ALTER TABLE `settings_course`
  ADD PRIMARY KEY (`id`);

--
-- Indexes for table `settings_gradelevel`
--
ALTER TABLE `settings_gradelevel`
  ADD PRIMARY KEY (`id`);

--
-- Indexes for table `settings_schoolyear`
--
ALTER TABLE `settings_schoolyear`
  ADD PRIMARY KEY (`id`);

--
-- Indexes for table `settings_section`
--
ALTER TABLE `settings_section`
  ADD PRIMARY KEY (`id`);

--
-- Indexes for table `students`
--
ALTER TABLE `students`
  ADD PRIMARY KEY (`id`);

--
-- Indexes for table `timelog`
--
ALTER TABLE `timelog`
  ADD PRIMARY KEY (`id`);

--
-- Indexes for table `users`
--
ALTER TABLE `users`
  ADD PRIMARY KEY (`id`);

--
-- AUTO_INCREMENT for dumped tables
--

--
-- AUTO_INCREMENT for table `grade_level`
--
ALTER TABLE `grade_level`
  MODIFY `id` int(11) NOT NULL AUTO_INCREMENT, AUTO_INCREMENT=80;

--
-- AUTO_INCREMENT for table `settings_course`
--
ALTER TABLE `settings_course`
  MODIFY `id` int(11) NOT NULL AUTO_INCREMENT, AUTO_INCREMENT=8;

--
-- AUTO_INCREMENT for table `settings_gradelevel`
--
ALTER TABLE `settings_gradelevel`
  MODIFY `id` int(11) NOT NULL AUTO_INCREMENT, AUTO_INCREMENT=8;

--
-- AUTO_INCREMENT for table `settings_schoolyear`
--
ALTER TABLE `settings_schoolyear`
  MODIFY `id` int(11) NOT NULL AUTO_INCREMENT, AUTO_INCREMENT=7;

--
-- AUTO_INCREMENT for table `settings_section`
--
ALTER TABLE `settings_section`
  MODIFY `id` int(11) NOT NULL AUTO_INCREMENT, AUTO_INCREMENT=9;

--
-- AUTO_INCREMENT for table `students`
--
ALTER TABLE `students`
  MODIFY `id` int(11) NOT NULL AUTO_INCREMENT, AUTO_INCREMENT=60;

--
-- AUTO_INCREMENT for table `timelog`
--
ALTER TABLE `timelog`
  MODIFY `id` int(11) NOT NULL AUTO_INCREMENT, AUTO_INCREMENT=1233;

--
-- AUTO_INCREMENT for table `users`
--
ALTER TABLE `users`
  MODIFY `id` int(11) NOT NULL AUTO_INCREMENT, AUTO_INCREMENT=6;
COMMIT;

/*!40101 SET CHARACTER_SET_CLIENT=@OLD_CHARACTER_SET_CLIENT */;
/*!40101 SET CHARACTER_SET_RESULTS=@OLD_CHARACTER_SET_RESULTS */;
/*!40101 SET COLLATION_CONNECTION=@OLD_COLLATION_CONNECTION */;
